name,bm25_weight,dense_weight,rrf_k,candidate_k,final_top_k,query_count,labeled_query_count,unlabeled_query_count,recall_at_1,recall_at_3,recall_at_5,recall_at_10,recall_at_20,recall_at_50,mrr,mrr_cutoff,delta_recall_at_1,delta_recall_at_3,delta_recall_at_5,delta_recall_at_10,delta_recall_at_20,delta_recall_at_50,delta_mrr,better_than_dense_by_rr,worse_than_dense_by_rr,tied_with_dense_by_rr,dense_rank_1_count,dense_rank_1_preserved,dense_rank_1_degraded,hybrid_only_hit_at_3,dense_only_hit_at_3,hybrid_only_hit_at_5,dense_only_hit_at_5,hybrid_only_hit_at_10,dense_only_hit_at_10,pareto,queries_improved_at_1,queries_degraded_at_1,queries_tied_at_1,relevant_documents_gained_at_1,relevant_documents_lost_at_1,queries_improved_at_3,queries_degraded_at_3,queries_tied_at_3,relevant_documents_gained_at_3,relevant_documents_lost_at_3,queries_improved_at_5,queries_degraded_at_5,queries_tied_at_5,relevant_documents_gained_at_5,relevant_documents_lost_at_5,queries_improved_at_10,queries_degraded_at_10,queries_tied_at_10,relevant_documents_gained_at_10,relevant_documents_lost_at_10,queries_improved_at_20,queries_degraded_at_20,queries_tied_at_20,relevant_documents_gained_at_20,relevant_documents_lost_at_20,queries_improved_at_50,queries_degraded_at_50,queries_tied_at_50,relevant_documents_gained_at_50,relevant_documents_lost_at_50
bm25_1_dense_1_rrf_1_candidates_10_top_10,1.0,1.0,1,10,10,500,485,15,0.5699999999999995,0.8066666666666665,0.8936666666666668,0.927666666666667,0.942,0.942,0.7427468253968255,10,-0.05933333333333335,-0.02766666666666695,0.01100000000000001,0.0013333333333334085,-0.0023333333333334094,-0.01433333333333342,-0.039962698412698394,48,114,338,343,282,61,11,23,8,6,1,3,False,29,61,410,35,67,19,33,448,23,37,21,12,467,24,15,11,7,482,12,9,4,8,488,4,8,2,14,484,2,15
bm25_1_dense_1_rrf_1_candidates_20_top_10,1.0,1.0,1,20,10,500,485,15,0.5693333333333328,0.8063333333333332,0.8906666666666668,0.9303333333333335,0.9453333333333334,0.957,0.7439904761904762,10,-0.06000000000000005,-0.028000000000000247,0.008000000000000007,0.0039999999999998925,0.0010000000000000009,0.0006666666666665932,-0.03871904761904765,46,113,341,343,283,60,11,23,8,7,1,2,False,29,60,411,35,66,19,32,449,22,36,21,14,465,24,17,12,6,482,13,8,4,5,491,4,5,4,4,492,4,4
bm25_1_dense_1_rrf_1_candidates_50_top_10,1.0,1.0,1,50,10,500,485,15,0.5719999999999994,0.8039999999999999,0.8913333333333336,0.9290000000000003,0.949,0.961,0.745715873015873,10,-0.05733333333333346,-0.030333333333333545,0.008666666666666822,0.002666666666666706,0.004666666666666597,0.004666666666666597,-0.0369936507936508,46,111,343,343,285,58,10,22,8,7,1,3,False,29,58,413,35,64,18,33,449,21,36,21,13,466,24,16,12,6,482,13,8,6,2,492,7,3,5,1,494,5,1
bm25_1_dense_1_rrf_1_candidates_100_top_10,1.0,1.0,1,100,10,500,485,15,0.5719999999999994,0.8039999999999999,0.8913333333333336,0.9290000000000003,0.949,0.965,0.7456904761904761,10,-0.05733333333333346,-0.030333333333333545,0.008666666666666822,0.002666666666666706,0.004666666666666597,0.0086666666666666,-0.03701904761904773,46,111,343,343,285,58,10,22,8,7,1,3,False,29,58,413,35,64,18,33,449,21,36,21,13,466,24,16,12,6,482,13,8,6,2,492,7,3,8,1,491,8,1
bm25_1_dense_1_rrf_5_candidates_10_top_10,1.0,1.0,5,10,10,500,485,15,0.5713333333333329,0.8113333333333332,0.8953333333333336,0.927666666666667,0.942,0.942,0.7453746031746031,10,-0.05799999999999994,-0.023000000000000242,0.012666666666666826,0.0013333333333334085,-0.0023333333333334094,-0.01433333333333342,-0.03733492063492072,55,109,336,343,276,67,13,23,10,7,1,3,False,36,67,397,46,77,22,33,445,29,41,22,13,465,24,15,11,7,482,12,9,4,8,488,4,8,2,14,484,2,15
bm25_1_dense_1_rrf_5_candidates_20_top_10,1.0,1.0,5,20,10,500,485,15,0.5686666666666662,0.8009999999999999,0.8966666666666668,0.9310000000000003,0.9453333333333334,0.957,0.7440293650793651,10,-0.06066666666666665,-0.03333333333333355,0.014000000000000012,0.004666666666666708,0.0010000000000000009,0.0006666666666665932,-0.03868015873015873,55,111,334,343,277,66,11,26,9,7,2,3,False,35,66,399,43,74,20,38,442,24,42,23,10,467,25,12,13,7,480,14,8,4,5,491,4,5,4,4,492,4,4
bm25_1_dense_1_rrf_5_candidates_50_top_10,1.0,1.0,5,50,10,500,485,15,0.5726666666666662,0.8043333333333332,0.8956666666666669,0.9276666666666669,0.949,0.961,0.7467436507936508,10,-0.05666666666666664,-0.03000000000000025,0.013000000000000123,0.0013333333333332975,0.004666666666666597,0.004666666666666597,-0.03596587301587306,54,108,338,343,279,64,11,24,9,7,1,4,False,35,64,401,42,71,20,36,444,24,39,22,10,468,24,12,12,6,482,13,8,6,2,492,7,3,5,1,494,5,1
bm25_1_dense_1_rrf_5_candidates_100_top_10,1.0,1.0,5,100,10,500,485,15,0.5726666666666662,0.8063333333333332,0.8970000000000002,0.9296666666666669,0.949,0.965,0.7469134920634921,10,-0.05666666666666664,-0.028000000000000247,0.01433333333333342,0.0033333333333332993,0.004666666666666597,0.0086666666666666,-0.03579603174603174,54,109,337,343,279,64,11,23,9,6,1,3,False,35,64,401,42,71,20,35,445,24,38,22,10,468,24,12,12,5,483,13,7,6,2,492,7,3,8,1,491,8,1
bm25_1_dense_1_rrf_10_candidates_10_top_10,1.0,1.0,10,10,10,500,485,15,0.5696666666666663,0.8063333333333332,0.8953333333333336,0.927666666666667,0.942,0.942,0.7414412698412698,10,-0.059666666666666535,-0.028000000000000247,0.012666666666666826,0.0013333333333334085,-0.0023333333333334094,-0.01433333333333342,-0.041268253968254065,55,110,335,343,275,68,13,26,10,7,1,3,False,35,68,397,44,77,22,37,441,29,46,22,13,465,24,15,11,7,482,12,9,4,8,488,4,8,2,14,484,2,15
bm25_1_dense_1_rrf_10_candidates_20_top_10,1.0,1.0,10,20,10,500,485,15,0.5676666666666662,0.7973333333333331,0.8906666666666669,0.9330000000000003,0.9453333333333334,0.957,0.7418269841269841,10,-0.06166666666666665,-0.037000000000000366,0.008000000000000118,0.00666666666666671,0.0010000000000000009,0.0006666666666665932,-0.04088253968253974,56,108,336,343,277,66,11,27,10,11,2,2,False,34,66,400,44,76,19,39,442,24,44,24,15,461,27,19,13,6,481,14,7,4,5,491,4,5,4,4,492,4,4
bm25_1_dense_1_rrf_10_candidates_50_top_10,1.0,1.0,10,50,10,500,485,15,0.5676666666666662,0.8026666666666665,0.8936666666666669,0.9266666666666669,0.951,0.961,0.7417825396825397,10,-0.06166666666666665,-0.031666666666666954,0.01100000000000012,0.0003333333333332966,0.006666666666666599,0.004666666666666597,-0.040926984126984145,55,109,336,343,277,66,11,24,9,9,2,5,False,34,66,400,44,76,19,36,445,24,40,24,13,463,26,15,13,8,479,14,9,7,2,491,8,3,5,1,494,5,1
bm25_1_dense_1_rrf_10_candidates_100_top_10,1.0,1.0,10,100,10,500,485,15,0.5676666666666662,0.8026666666666665,0.8950000000000002,0.9300000000000003,0.953,0.965,0.742468253968254,10,-0.06166666666666665,-0.031666666666666954,0.012333333333333418,0.003666666666666707,0.0086666666666666,0.0086666666666666,-0.040241269841269856,56,108,336,343,277,66,11,24,10,9,2,3,False,34,66,400,44,76,19,36,445,24,40,26,14,460,28,16,13,7,480,14,8,7,1,492,8,2,8,1,491,8,1
bm25_1_dense_1_rrf_20_candidates_10_top_10,1.0,1.0,20,10,10,500,485,15,0.5696666666666663,0.8043333333333332,0.8953333333333336,0.927666666666667,0.942,0.942,0.7416079365079365,10,-0.059666666666666535,-0.03000000000000025,0.012666666666666826,0.0013333333333334085,-0.0023333333333334094,-0.01433333333333342,-0.041101587301587306,55,109,336,343,275,68,13,27,10,7,1,3,False,35,68,397,44,77,22,38,440,29,47,22,13,465,24,15,11,7,482,12,9,4,8,488,4,8,2,14,484,2,15
bm25_1_dense_1_rrf_20_candidates_20_top_10,1.0,1.0,20,20,10,500,485,15,0.5696666666666662,0.7953333333333332,0.8883333333333338,0.9296666666666669,0.9453333333333334,0.957,0.7417738095238096,10,-0.059666666666666646,-0.03900000000000026,0.005666666666666931,0.0033333333333332993,0.0010000000000000009,0.0006666666666665932,-0.0409357142857143,54,106,340,343,277,66,11,29,9,12,1,2,False,35,66,399,45,76,18,39,443,25,46,22,16,462,26,21,12,7,481,13,9,4,5,491,4,5,4,4,492,4,4
bm25_1_dense_1_rrf_20_candidates_50_top_10,1.0,1.0,20,50,10,500,485,15,0.5696666666666662,0.7963333333333332,0.8866666666666669,0.9260000000000002,0.951,0.961,0.7414222222222222,10,-0.059666666666666646,-0.038000000000000256,0.004000000000000115,-0.00033333333333340764,0.006666666666666599,0.004666666666666597,-0.04128730158730165,56,107,337,343,277,66,12,29,10,13,3,8,False,35,66,399,45,76,19,39,442,26,46,24,18,458,27,21,16,12,472,17,12,7,2,491,8,3,5,1,494,5,1
bm25_1_dense_1_rrf_20_candidates_100_top_10,1.0,1.0,20,100,10,500,485,15,0.5696666666666662,0.7983333333333332,0.8876666666666669,0.9310000000000002,0.952,0.965,0.7421912698412698,10,-0.059666666666666646,-0.036000000000000254,0.0050000000000001155,0.004666666666666597,0.0076666666666665995,0.0086666666666666,-0.04051825396825404,56,107,337,343,277,66,12,28,10,13,3,5,False,35,66,399,45,76,19,38,443,26,45,25,18,457,28,21,16,9,475,18,10,8,2,490,8,2,8,1,491,8,1
bm25_1_dense_1_rrf_40_candidates_10_top_10,1.0,1.0,40,10,10,500,485,15,0.5696666666666663,0.8043333333333332,0.8953333333333336,0.927666666666667,0.942,0.942,0.7416079365079365,10,-0.059666666666666535,-0.03000000000000025,0.012666666666666826,0.0013333333333334085,-0.0023333333333334094,-0.01433333333333342,-0.041101587301587306,55,109,336,343,275,68,13,27,10,7,1,3,False,35,68,397,44,77,22,38,440,29,47,22,13,465,24,15,11,7,482,12,9,4,8,488,4,8,2,14,484,2,15
bm25_1_dense_1_rrf_40_candidates_20_top_10,1.0,1.0,40,20,10,500,485,15,0.5689999999999995,0.7983333333333333,0.8893333333333338,0.9276666666666669,0.9453333333333334,0.957,0.7402761904761904,10,-0.06033333333333335,-0.03600000000000014,0.006666666666666932,0.0013333333333332975,0.0010000000000000009,0.0006666666666665932,-0.042433333333333434,54,107,339,343,276,67,12,30,9,12,1,3,False,35,67,398,46,78,20,38,442,28,47,23,16,461,26,20,12,8,480,13,10,4,5,491,4,5,4,4,492,4,4
bm25_1_dense_1_rrf_40_candidates_50_top_10,1.0,1.0,40,50,10,500,485,15,0.5689999999999995,0.7973333333333333,0.8870000000000003,0.9183333333333333,0.948,0.961,0.7384412698412698,10,-0.06033333333333335,-0.037000000000000144,0.004333333333333522,-0.00800000000000023,0.003666666666666596,0.004666666666666597,-0.04426825396825407,56,108,336,343,276,67,13,31,10,13,3,11,False,35,67,398,46,78,21,39,440,29,48,24,18,458,27,21,15,15,470,16,16,6,3,491,7,4,5,1,494,5,1
bm25_1_dense_1_rrf_40_candidates_100_top_10,1.0,1.0,40,100,10,500,485,15,0.5709999999999995,0.8003333333333333,0.8910000000000003,0.9243333333333333,0.947,0.965,0.7407912698412699,10,-0.05833333333333335,-0.03400000000000014,0.008333333333333526,-0.002000000000000224,0.002666666666666595,0.0086666666666666,-0.04191825396825399,57,108,335,343,276,67,14,31,11,13,4,10,False,36,67,397,47,78,22,39,439,31,48,26,18,456,30,21,17,14,469,19,15,9,5,486,10,6,8,1,491,8,1
bm25_1_dense_1_rrf_60_candidates_10_top_10,1.0,1.0,60,10,10,500,485,15,0.5696666666666663,0.8043333333333332,0.8953333333333336,0.927666666666667,0.942,0.942,0.7416079365079365,10,-0.059666666666666535,-0.03000000000000025,0.012666666666666826,0.0013333333333334085,-0.0023333333333334094,-0.01433333333333342,-0.041101587301587306,55,109,336,343,275,68,13,27,10,7,1,3,False,35,68,397,44,77,22,38,440,29,47,22,13,465,24,15,11,7,482,12,9,4,8,488,4,8,2,14,484,2,15
bm25_1_dense_1_rrf_60_candidates_20_top_10,1.0,1.0,60,20,10,500,485,15,0.5689999999999995,0.7963333333333333,0.8913333333333338,0.9276666666666669,0.9453333333333334,0.957,0.7401285714285714,10,-0.06033333333333335,-0.038000000000000145,0.008666666666666933,0.0013333333333332975,0.0010000000000000009,0.0006666666666665932,-0.0425809523809525,55,107,338,343,276,67,12,31,10,12,1,3,False,35,67,398,46,78,20,39,441,28,48,24,16,460,27,20,12,8,480,13,10,4,5,491,4,5,4,4,492,4,4
bm25_1_dense_1_rrf_60_candidates_50_top_10,1.0,1.0,60,50,10,500,485,15,0.5689999999999995,0.7953333333333333,0.8883333333333338,0.9156666666666667,0.948,0.961,0.737979365079365,10,-0.06033333333333335,-0.039000000000000146,0.005666666666666931,-0.010666666666666824,0.003666666666666596,0.004666666666666597,-0.04473015873015884,57,108,335,343,276,67,13,32,11,14,3,12,False,35,67,398,46,78,21,40,439,29,49,25,18,457,28,22,15,17,468,16,18,6,3,491,7,4,5,1,494,5,1
bm25_1_dense_1_rrf_60_candidates_100_top_10,1.0,1.0,60,100,10,500,485,15,0.5709999999999995,0.7983333333333333,0.8923333333333338,0.9226666666666667,0.946,0.965,0.7403015873015873,10,-0.05833333333333335,-0.03600000000000014,0.009666666666666934,-0.003666666666666818,0.0016666666666665941,0.0086666666666666,-0.042407936507936506,58,108,334,343,276,67,14,32,12,14,4,11,False,36,67,397,47,78,22,40,438,31,49,27,18,455,31,22,18,16,466,20,17,11,7,482,12,8,8,1,491,8,1
bm25_1_dense_1_rrf_100_candidates_10_top_10,1.0,1.0,100,10,10,500,485,15,0.5696666666666663,0.8043333333333332,0.8953333333333336,0.927666666666667,0.942,0.942,0.7416079365079365,10,-0.059666666666666535,-0.03000000000000025,0.012666666666666826,0.0013333333333334085,-0.0023333333333334094,-0.01433333333333342,-0.041101587301587306,55,109,336,343,275,68,13,27,10,7,1,3,False,35,68,397,44,77,22,38,440,29,47,22,13,465,24,15,11,7,482,12,9,4,8,488,4,8,2,14,484,2,15
bm25_1_dense_1_rrf_100_candidates_20_top_10,1.0,1.0,100,20,10,500,485,15,0.5689999999999995,0.7956666666666666,0.8913333333333338,0.9276666666666669,0.9453333333333334,0.957,0.7401285714285714,10,-0.06033333333333335,-0.03866666666666685,0.008666666666666933,0.0013333333333332975,0.0010000000000000009,0.0006666666666665932,-0.0425809523809525,55,107,338,343,276,67,12,31,10,12,1,3,False,35,67,398,46,78,20,39,441,28,49,24,16,460,27,20,12,8,480,13,10,4,5,491,4,5,4,4,492,4,4
bm25_1_dense_1_rrf_100_candidates_50_top_10,1.0,1.0,100,50,10,500,485,15,0.5689999999999995,0.7946666666666666,0.8903333333333338,0.9156666666666667,0.948,0.961,0.7380626984126984,10,-0.06033333333333335,-0.03966666666666685,0.0076666666666669325,-0.010666666666666824,0.003666666666666596,0.004666666666666597,-0.04464682539682541,57,108,335,343,276,67,13,32,12,14,3,12,False,35,67,398,46,78,21,40,439,29,50,26,18,456,29,22,15,17,468,16,18,6,3,491,7,4,5,1,494,5,1
bm25_1_dense_1_rrf_100_candidates_100_top_10,1.0,1.0,100,100,10,500,485,15,0.5709999999999995,0.7986666666666666,0.8943333333333338,0.9206666666666667,0.945,0.963,0.7400626984126984,10,-0.05833333333333335,-0.035666666666666846,0.011666666666666936,-0.00566666666666682,0.0006666666666665932,0.006666666666666599,-0.042646825396825405,58,108,334,343,276,67,14,32,13,14,4,12,False,36,67,397,47,78,23,40,437,32,50,28,18,454,32,22,18,17,465,20,18,10,7,483,11,8,8,2,490,8,2
bm25_1_dense_1.5_rrf_1_candidates_10_top_10,1.0,1.5,1,10,10,500,485,15,0.6319999999999995,0.8143333333333332,0.8943333333333336,0.9320000000000004,0.942,0.942,0.7841904761904761,10,0.002666666666666595,-0.02000000000000024,0.011666666666666825,0.00566666666666682,-0.0023333333333334094,-0.01433333333333342,0.0014809523809522496,41,58,401,343,330,13,8,16,6,5,1,1,False,16,13,471,19,16,16,25,459,19,28,17,7,476,19,9,9,3,488,10,4,4,8,488,4,8,2,14,484,2,15
bm25_1_dense_1.5_rrf_1_candidates_20_top_10,1.0,1.5,1,20,10,500,485,15,0.6299999999999994,0.813,0.8896666666666669,0.9340000000000003,0.9466666666666667,0.957,0.7824484126984127,10,0.0006666666666665932,-0.021333333333333537,0.007000000000000117,0.0076666666666667105,0.0023333333333332984,0.0006666666666665932,-0.00026111111111115637,38,59,403,343,330,13,8,16,6,7,2,2,False,15,13,472,18,16,14,24,462,17,27,17,11,472,19,13,12,3,485,13,4,3,2,495,3,2,4,4,492,4,4
bm25_1_dense_1.5_rrf_1_candidates_50_top_10,1.0,1.5,1,50,10,500,485,15,0.6299999999999994,0.813,0.8896666666666669,0.9313333333333336,0.949,0.9603333333333334,0.7824142857142857,10,0.0006666666666665932,-0.021333333333333537,0.007000000000000117,0.0050000000000000044,0.004666666666666597,0.0040000000000000036,-0.00029523809523812616,36,59,405,343,330,13,8,16,6,7,1,2,False,15,13,472,18,16,14,24,462,17,27,17,11,472,19,13,11,4,485,12,5,5,1,494,6,2,4,1,495,4,1
bm25_1_dense_1.5_rrf_1_candidates_100_top_10,1.0,1.5,1,100,10,500,485,15,0.6299999999999994,0.813,0.8896666666666669,0.9323333333333336,0.949,0.962,0.7824142857142857,10,0.0006666666666665932,-0.021333333333333537,0.007000000000000117,0.006000000000000005,0.004666666666666597,0.005666666666666598,-0.00029523809523812616,36,59,405,343,330,13,8,16,6,7,1,2,False,15,13,472,18,16,14,24,462,17,27,17,11,472,19,13,12,4,484,13,5,5,1,494,6,2,6,1,493,6,1
bm25_1_dense_1.5_rrf_5_candidates_10_top_10,1.0,1.5,5,10,10,500,485,15,0.6026666666666661,0.8276666666666668,0.8990000000000002,0.933666666666667,0.942,0.942,0.7709111111111111,10,-0.026666666666666727,-0.00666666666666671,0.016333333333333422,0.007333333333333414,-0.0023333333333334094,-0.01433333333333342,-0.011798412698412752,45,61,394,343,309,34,12,13,8,4,1,1,False,21,34,445,26,39,18,20,462,23,25,19,6,475,20,7,9,1,490,9,1,4,8,488,4,8,2,14,484,2,15
bm25_1_dense_1.5_rrf_5_candidates_20_top_10,1.0,1.5,5,20,10,500,485,15,0.606666666666666,0.8286666666666668,0.9013333333333334,0.9320000000000003,0.9466666666666667,0.957,0.773763492063492,10,-0.022666666666666835,-0.005666666666666709,0.01866666666666661,0.005666666666666709,0.0023333333333332984,0.0006666666666665932,-0.008946031746031813,45,57,398,343,313,30,11,12,8,4,1,2,False,21,30,449,25,34,18,19,463,21,22,22,6,472,24,8,11,3,486,12,4,3,2,495,3,2,4,4,492,4,4
bm25_1_dense_1.5_rrf_5_candidates_50_top_10,1.0,1.5,5,50,10,500,485,15,0.610666666666666,0.8283333333333335,0.8986666666666668,0.9346666666666669,0.951,0.9603333333333334,0.7756468253968254,10,-0.01866666666666683,-0.006000000000000005,0.016000000000000014,0.008333333333333304,0.006666666666666599,0.0040000000000000036,-0.007062698412698465,44,57,399,343,315,28,11,12,7,4,1,1,False,21,28,451,24,31,17,18,465,20,21,20,6,474,22,8,12,2,486,13,3,6,1,493,7,2,4,1,495,4,1
bm25_1_dense_1.5_rrf_5_candidates_100_top_10,1.0,1.5,5,100,10,500,485,15,0.610666666666666,0.8283333333333335,0.8986666666666668,0.9356666666666669,0.951,0.962,0.7756880952380952,10,-0.01866666666666683,-0.006000000000000005,0.016000000000000014,0.009333333333333305,0.006666666666666599,0.005666666666666598,-0.007021428571428623,44,56,400,343,315,28,11,12,7,4,1,1,True,21,28,451,24,31,17,18,465,20,21,20,6,474,22,8,13,2,485,14,3,6,1,493,7,2,6,1,493,6,1
bm25_1_dense_1.5_rrf_10_candidates_10_top_10,1.0,1.5,10,10,10,500,485,15,0.5959999999999995,0.8220000000000002,0.8986666666666667,0.932666666666667,0.942,0.942,0.766168253968254,10,-0.033333333333333326,-0.012333333333333307,0.015999999999999903,0.006333333333333413,-0.0023333333333334094,-0.01433333333333342,-0.0165412698412698,44,66,390,343,303,40,11,16,9,2,0,0,False,23,40,437,30,47,18,23,459,24,30,14,4,482,16,6,7,0,493,7,0,4,8,488,4,8,2,14,484,2,15
bm25_1_dense_1.5_rrf_10_candidates_20_top_10,1.0,1.5,10,20,10,500,485,15,0.5959999999999994,0.8196666666666667,0.9060000000000001,0.9340000000000003,0.9466666666666667,0.957,0.7659,10,-0.03333333333333344,-0.014666666666666828,0.023333333333333317,0.0076666666666667105,0.0023333333333332984,0.0006666666666665932,-0.01680952380952383,45,65,390,343,306,37,10,15,9,2,1,1,False,22,37,441,27,42,17,23,460,22,28,21,4,475,23,6,11,2,487,12,3,3,2,495,3,2,4,4,492,4,4
bm25_1_dense_1.5_rrf_10_candidates_50_top_10,1.0,1.5,10,50,10,500,485,15,0.5999999999999994,0.8156666666666667,0.9000000000000001,0.9366666666666669,0.951,0.9603333333333334,0.7683714285714286,10,-0.029333333333333433,-0.01866666666666683,0.01733333333333331,0.010333333333333306,0.006666666666666599,0.0040000000000000036,-0.014338095238095261,46,64,390,343,308,35,10,17,9,5,2,1,False,22,35,443,26,39,17,25,458,21,29,21,7,472,23,9,13,2,485,13,2,6,1,493,7,2,4,1,495,4,1
bm25_1_dense_1.5_rrf_10_candidates_100_top_10,1.0,1.5,10,100,10,500,485,15,0.5999999999999994,0.8176666666666667,0.8990000000000001,0.9376666666666669,0.952,0.964,0.7691634920634921,10,-0.029333333333333433,-0.01666666666666683,0.01633333333333331,0.011333333333333306,0.0076666666666665995,0.0076666666666665995,-0.01354603174603175,46,64,390,343,308,35,10,16,9,6,2,1,True,22,35,443,26,39,17,24,459,21,28,21,8,471,23,10,14,2,484,15,3,7,1,492,7,1,7,1,492,7,1
bm25_1_dense_1.5_rrf_20_candidates_10_top_10,1.0,1.5,20,10,10,500,485,15,0.5929999999999995,0.8196666666666669,0.8986666666666667,0.9263333333333336,0.942,0.942,0.7645984126984128,10,-0.03633333333333333,-0.014666666666666606,0.015999999999999903,0.0,-0.0023333333333334094,-0.01433333333333342,-0.018111111111111078,47,66,387,343,301,42,11,17,9,2,0,0,False,24,42,434,31,49,18,26,456,23,32,14,4,482,16,6,0,0,500,0,0,4,8,488,4,8,2,14,484,2,15
bm25_1_dense_1.5_rrf_20_candidates_20_top_10,1.0,1.5,20,20,10,500,485,15,0.5916666666666661,0.8136666666666666,0.8980000000000001,0.9333333333333336,0.9463333333333334,0.957,0.7618761904761905,10,-0.03766666666666674,-0.020666666666666833,0.01533333333333331,0.007000000000000006,0.0020000000000000018,0.0006666666666665932,-0.02083333333333337,48,67,385,343,302,41,11,19,9,6,1,1,False,23,41,436,30,48,18,28,454,23,34,20,8,472,23,12,11,3,486,11,3,2,1,497,2,1,4,4,492,4,4
bm25_1_dense_1.5_rrf_20_candidates_50_top_10,1.0,1.5,20,50,10,500,485,15,0.5916666666666661,0.8163333333333332,0.8950000000000001,0.9350000000000003,0.949,0.9573333333333334,0.7612563492063492,10,-0.03766666666666674,-0.018000000000000238,0.012333333333333307,0.008666666666666711,0.004666666666666597,0.0010000000000000009,-0.02145317460317464,50,69,381,343,302,41,11,17,9,8,3,3,False,23,41,436,30,48,18,27,455,22,31,21,10,469,23,12,15,3,482,15,3,4,1,495,5,2,2,1,497,2,1
bm25_1_dense_1.5_rrf_20_candidates_100_top_10,1.0,1.5,20,100,10,500,485,15,0.5916666666666661,0.8163333333333332,0.8950000000000001,0.9370000000000003,0.954,0.965,0.7616,10,-0.03766666666666674,-0.018000000000000238,0.012333333333333307,0.010666666666666713,0.009666666666666601,0.0086666666666666,-0.0211095238095238,50,69,381,343,302,41,11,17,9,8,3,3,True,23,41,436,30,48,18,27,455,22,31,21,10,469,23,12,16,3,481,16,3,8,1,491,8,1,8,1,491,8,1
bm25_1_dense_1.5_rrf_40_candidates_10_top_10,1.0,1.5,40,10,10,500,485,15,0.5929999999999995,0.8196666666666669,0.8986666666666667,0.9263333333333336,0.942,0.942,0.7645984126984128,10,-0.03633333333333333,-0.014666666666666606,0.015999999999999903,0.0,-0.0023333333333334094,-0.01433333333333342,-0.018111111111111078,47,66,387,343,301,42,11,17,9,2,0,0,False,24,42,434,31,49,18,26,456,22,31,14,4,482,15,5,0,0,500,0,0,4,8,488,4,8,2,14,484,2,15
bm25_1_dense_1.5_rrf_40_candidates_20_top_10,1.0,1.5,40,20,10,500,485,15,0.5896666666666662,0.8116666666666666,0.9000000000000001,0.9333333333333336,0.9443333333333334,0.957,0.7609785714285714,10,-0.03966666666666663,-0.022666666666666835,0.01733333333333331,0.007000000000000006,0.0,0.0006666666666665932,-0.021730952380952462,49,68,383,343,301,42,11,20,10,6,1,1,False,23,42,435,30,49,18,29,453,22,34,21,8,471,23,11,11,3,486,11,3,0,0,500,0,0,4,4,492,4,4
bm25_1_dense_1.5_rrf_40_candidates_50_top_10,1.0,1.5,40,50,10,500,485,15,0.5896666666666662,0.8133333333333332,0.8913333333333334,0.9280000000000003,0.952,0.9573333333333334,0.759618253968254,10,-0.03966666666666663,-0.02100000000000024,0.0086666666666666,0.0016666666666667052,0.0076666666666665995,0.0010000000000000009,-0.023091269841269857,51,70,379,343,301,42,12,19,11,11,3,7,False,23,42,435,30,49,19,29,452,23,33,23,14,463,24,15,15,8,477,16,8,6,1,493,6,1,2,1,497,2,1
bm25_1_dense_1.5_rrf_40_candidates_100_top_10,1.0,1.5,40,100,10,500,485,15,0.5896666666666662,0.8153333333333332,0.8923333333333334,0.9310000000000003,0.954,0.965,0.7602515873015873,10,-0.03966666666666663,-0.01900000000000024,0.009666666666666601,0.004666666666666708,0.009666666666666601,0.0086666666666666,-0.022457936507936593,52,70,378,343,301,42,12,18,11,11,4,8,False,23,42,435,30,49,19,28,453,23,32,24,14,462,25,15,17,9,474,19,9,8,1,491,8,1,8,1,491,8,1
bm25_1_dense_1.5_rrf_60_candidates_10_top_10,1.0,1.5,60,10,10,500,485,15,0.5929999999999995,0.8196666666666669,0.8986666666666667,0.9263333333333336,0.942,0.942,0.7645984126984128,10,-0.03633333333333333,-0.014666666666666606,0.015999999999999903,0.0,-0.0023333333333334094,-0.01433333333333342,-0.018111111111111078,47,66,387,343,301,42,11,17,9,2,0,0,False,24,42,434,31,49,18,26,456,22,31,14,4,482,15,5,0,0,500,0,0,4,8,488,4,8,2,14,484,2,15
bm25_1_dense_1.5_rrf_60_candidates_20_top_10,1.0,1.5,60,20,10,500,485,15,0.5876666666666662,0.811,0.9000000000000001,0.9333333333333336,0.9443333333333334,0.957,0.7598119047619047,10,-0.04166666666666663,-0.023333333333333428,0.01733333333333331,0.007000000000000006,0.0,0.0006666666666665932,-0.02289761904761911,49,69,382,343,300,43,11,21,10,6,1,1,False,23,43,434,30,50,18,30,452,22,35,21,8,471,23,11,11,3,486,11,3,0,0,500,0,0,4,4,492,4,4
bm25_1_dense_1.5_rrf_60_candidates_50_top_10,1.0,1.5,60,50,10,500,485,15,0.5876666666666662,0.8126666666666666,0.8913333333333334,0.9240000000000003,0.952,0.9573333333333334,0.7578793650793652,10,-0.04166666666666663,-0.021666666666666834,0.0086666666666666,-0.0023333333333332984,0.0076666666666665995,0.0010000000000000009,-0.024830158730158702,51,71,378,343,300,43,12,20,11,11,3,9,False,23,43,434,30,50,19,30,451,23,34,23,14,463,24,15,15,10,475,16,10,6,1,493,6,1,2,1,497,2,1
bm25_1_dense_1.5_rrf_60_candidates_100_top_10,1.0,1.5,60,100,10,500,485,15,0.5896666666666662,0.8176666666666667,0.8953333333333334,0.9310000000000003,0.947,0.965,0.7604095238095238,10,-0.03966666666666663,-0.01666666666666683,0.012666666666666604,0.004666666666666708,0.002666666666666595,0.0086666666666666,-0.022300000000000098,52,71,377,343,300,43,13,19,12,11,4,8,False,24,43,433,31,50,20,29,451,25,33,25,14,461,27,15,17,9,474,19,9,8,5,487,8,5,8,1,491,8,1
bm25_1_dense_1.5_rrf_100_candidates_10_top_10,1.0,1.5,100,10,10,500,485,15,0.5929999999999995,0.8196666666666669,0.8986666666666667,0.9263333333333336,0.942,0.942,0.7645984126984128,10,-0.03633333333333333,-0.014666666666666606,0.015999999999999903,0.0,-0.0023333333333334094,-0.01433333333333342,-0.018111111111111078,47,66,387,343,301,42,11,17,9,2,0,0,False,24,42,434,31,49,18,26,456,22,31,14,4,482,15,5,0,0,500,0,0,4,8,488,4,8,2,14,484,2,15
bm25_1_dense_1.5_rrf_100_candidates_20_top_10,1.0,1.5,100,20,10,500,485,15,0.5876666666666662,0.8103333333333333,0.9000000000000001,0.9333333333333336,0.9443333333333334,0.957,0.7593595238095238,10,-0.04166666666666663,-0.024000000000000132,0.01733333333333331,0.007000000000000006,0.0,0.0006666666666665932,-0.023350000000000093,49,69,382,343,300,43,11,22,10,6,1,1,False,23,43,434,31,51,18,30,452,22,36,21,8,471,23,11,11,3,486,11,3,0,0,500,0,0,4,4,492,4,4
bm25_1_dense_1.5_rrf_100_candidates_50_top_10,1.0,1.5,100,50,10,500,485,15,0.5876666666666662,0.8093333333333333,0.8913333333333334,0.9220000000000003,0.952,0.9563333333333334,0.7568936507936508,10,-0.04166666666666663,-0.025000000000000133,0.0086666666666666,-0.0043333333333333,0.0076666666666665995,0.0,-0.02581587301587307,51,71,378,343,300,43,12,23,11,11,3,10,False,23,43,434,31,51,19,31,450,23,37,23,14,463,24,15,15,11,474,16,11,6,1,493,6,1,0,0,500,0,0
bm25_1_dense_1.5_rrf_100_candidates_100_top_10,1.0,1.5,100,100,10,500,485,15,0.5896666666666662,0.8123333333333334,0.8953333333333334,0.9280000000000003,0.946,0.965,0.7590214285714286,10,-0.03966666666666663,-0.02200000000000013,0.012666666666666604,0.0016666666666667052,0.0016666666666665941,0.0086666666666666,-0.02368809523809523,52,71,377,343,300,43,13,23,12,11,4,10,False,24,43,433,32,51,20,31,449,25,37,25,14,461,27,15,18,11,471,20,11,9,6,485,10,7,8,1,491,8,1
bm25_1_dense_2_rrf_1_candidates_10_top_10,1.0,2.0,1,10,10,500,485,15,0.6373333333333328,0.8276666666666667,0.8943333333333336,0.933666666666667,0.942,0.942,0.7881134920634921,10,0.007999999999999896,-0.006666666666666821,0.011666666666666825,0.007333333333333414,-0.0023333333333334094,-0.01433333333333342,0.005403968253968272,31,31,438,343,341,2,6,8,6,4,1,1,False,7,2,491,7,2,10,13,477,12,15,16,6,478,17,7,9,1,490,9,1,4,8,488,4,8,2,14,484,2,15
bm25_1_dense_2_rrf_1_candidates_20_top_10,1.0,2.0,1,20,10,500,485,15,0.6323333333333327,0.83,0.896666666666667,0.9350000000000003,0.9466666666666667,0.957,0.7855904761904763,10,0.0029999999999998916,-0.004333333333333522,0.014000000000000123,0.008666666666666711,0.0023333333333332984,0.0006666666666665932,0.0028809523809524284,31,30,439,343,341,2,7,7,6,3,1,1,False,4,2,494,4,2,11,13,476,13,15,17,6,477,18,7,12,2,486,12,2,3,2,495,3,2,4,4,492,4,4
bm25_1_dense_2_rrf_1_candidates_50_top_10,1.0,2.0,1,50,10,500,485,15,0.6323333333333327,0.8286666666666668,0.8946666666666669,0.9313333333333336,0.948,0.9573333333333334,0.7848484126984128,10,0.0029999999999998916,-0.005666666666666709,0.012000000000000122,0.0050000000000000044,0.003666666666666596,0.0010000000000000009,0.0021388888888889124,29,32,439,343,341,2,7,8,5,3,1,2,False,4,2,494,4,2,11,13,476,13,15,16,6,478,17,7,10,3,487,11,4,5,2,493,5,2,2,1,497,2,1
bm25_1_dense_2_rrf_1_candidates_100_top_10,1.0,2.0,1,100,10,500,485,15,0.6323333333333327,0.829,0.8946666666666669,0.9313333333333336,0.948,0.9603333333333334,0.784979365079365,10,0.0029999999999998916,-0.005333333333333523,0.012000000000000122,0.0050000000000000044,0.003666666666666596,0.0040000000000000036,0.0022698412698411996,29,32,439,343,341,2,8,8,5,3,1,2,False,4,2,494,4,2,12,14,474,14,16,16,6,478,17,7,10,3,487,11,4,5,2,493,5,2,4,1,495,4,1
bm25_1_dense_2_rrf_5_candidates_10_top_10,1.0,2.0,5,10,10,500,485,15,0.6309999999999995,0.8240000000000001,0.8986666666666667,0.9320000000000004,0.942,0.942,0.7874960317460317,10,0.0016666666666665941,-0.010333333333333417,0.015999999999999903,0.00566666666666682,-0.0023333333333334094,-0.01433333333333342,0.004786507936507811,40,41,419,343,328,15,9,13,8,2,0,0,False,18,15,467,22,19,15,19,466,18,22,15,3,482,15,3,6,0,494,6,0,4,8,488,4,8,2,14,484,2,15
bm25_1_dense_2_rrf_5_candidates_20_top_10,1.0,2.0,5,20,10,500,485,15,0.628666666666666,0.8286666666666668,0.9046666666666667,0.935666666666667,0.9463333333333334,0.957,0.7860055555555556,10,-0.0006666666666668153,-0.005666666666666709,0.02199999999999991,0.009333333333333416,0.0020000000000000018,0.0006666666666665932,0.003296031746031769,41,39,420,343,328,15,8,11,8,2,1,1,True,17,15,468,20,18,14,15,471,15,16,21,4,475,22,5,12,1,487,12,1,2,1,497,2,1,4,4,492,4,4
bm25_1_dense_2_rrf_5_candidates_50_top_10,1.0,2.0,5,50,10,500,485,15,0.632666666666666,0.8313333333333335,0.9006666666666668,0.9360000000000003,0.948,0.9573333333333334,0.7882190476190476,10,0.0033333333333331883,-0.0030000000000000027,0.018000000000000016,0.009666666666666712,0.003666666666666596,0.0010000000000000009,0.005509523809523742,40,38,422,343,330,13,7,9,6,2,1,0,True,17,13,470,20,16,13,12,475,14,13,18,3,479,19,4,11,1,488,11,1,4,1,495,5,2,2,1,497,2,1
bm25_1_dense_2_rrf_5_candidates_100_top_10,1.0,2.0,5,100,10,500,485,15,0.632666666666666,0.8313333333333335,0.9006666666666668,0.9370000000000003,0.95,0.962,0.7881714285714285,10,0.0033333333333331883,-0.0030000000000000027,0.018000000000000016,0.010666666666666713,0.005666666666666598,0.005666666666666598,0.005461904761904668,40,38,422,343,330,13,7,9,6,2,1,0,True,17,13,470,20,16,13,12,475,14,13,18,3,479,19,4,12,1,487,12,1,6,1,493,6,1,6,1,493,6,1
bm25_1_dense_2_rrf_10_candidates_10_top_10,1.0,2.0,10,10,10,500,485,15,0.6219999999999996,0.8260000000000001,0.8993333333333335,0.9263333333333336,0.942,0.942,0.780531746031746,10,-0.007333333333333303,-0.008333333333333415,0.01666666666666672,0.0,-0.0023333333333334094,-0.01433333333333342,-0.002177777777777834,44,47,409,343,319,24,10,13,9,2,0,0,False,20,24,456,26,30,17,20,463,20,23,14,3,483,15,4,0,0,500,0,0,4,8,488,4,8,2,14,484,2,15
bm25_1_dense_2_rrf_10_candidates_20_top_10,1.0,2.0,10,20,10,500,485,15,0.6259999999999994,0.8263333333333333,0.9086666666666668,0.9340000000000003,0.9473333333333334,0.957,0.7836134920634921,10,-0.0033333333333334103,-0.00800000000000023,0.026000000000000023,0.0076666666666667105,0.0030000000000000027,0.0006666666666665932,0.0009039682539682126,46,44,410,343,323,20,9,12,9,1,1,1,True,20,20,460,24,24,16,19,465,16,19,21,2,477,22,3,11,2,487,11,2,2,0,498,2,0,4,4,492,4,4
bm25_1_dense_2_rrf_10_candidates_50_top_10,1.0,2.0,10,50,10,500,485,15,0.6299999999999994,0.8203333333333332,0.902666666666667,0.9373333333333336,0.949,0.9573333333333334,0.7852246031746032,10,0.0006666666666665932,-0.014000000000000234,0.02000000000000013,0.01100000000000001,0.004666666666666597,0.0010000000000000009,0.0025150793650793313,45,43,412,343,325,18,8,14,8,3,1,0,False,20,18,462,23,21,15,21,464,15,21,19,3,478,20,4,12,0,488,12,0,4,1,495,5,2,2,1,497,2,1
bm25_1_dense_2_rrf_10_candidates_100_top_10,1.0,2.0,10,100,10,500,485,15,0.6299999999999994,0.8223333333333332,0.903666666666667,0.9373333333333336,0.952,0.964,0.7854912698412698,10,0.0006666666666665932,-0.012000000000000233,0.02100000000000013,0.01100000000000001,0.0076666666666665995,0.0076666666666665995,0.0027817460317459686,45,41,414,343,325,18,8,13,8,3,1,0,True,20,18,462,23,21,15,20,465,15,20,19,3,478,20,4,12,0,488,12,0,7,1,492,7,1,7,1,492,7,1
bm25_1_dense_2_rrf_20_candidates_10_top_10,1.0,2.0,20,10,10,500,485,15,0.6199999999999996,0.8230000000000002,0.8993333333333335,0.9263333333333336,0.942,0.942,0.7786984126984127,10,-0.009333333333333305,-0.011333333333333306,0.01666666666666672,0.0,-0.0023333333333334094,-0.01433333333333342,-0.0040111111111111875,44,49,407,343,317,26,10,16,9,2,0,0,False,21,26,453,28,33,17,23,460,20,27,14,3,483,15,4,0,0,500,0,0,4,8,488,4,8,2,14,484,2,15
bm25_1_dense_2_rrf_20_candidates_20_top_10,1.0,2.0,20,20,10,500,485,15,0.6193333333333328,0.8176666666666667,0.9030000000000001,0.9340000000000003,0.9443333333333334,0.957,0.7774857142857142,10,-0.010000000000000009,-0.01666666666666683,0.020333333333333314,0.0076666666666667105,0.0,0.0006666666666665932,-0.0052238095238096305,47,48,405,343,319,24,9,17,10,3,1,1,False,20,24,456,25,29,16,23,461,19,27,20,5,475,22,7,11,2,487,11,2,0,0,500,0,0,4,4,492,4,4
bm25_1_dense_2_rrf_20_candidates_50_top_10,1.0,2.0,20,50,10,500,485,15,0.6213333333333328,0.8183333333333332,0.9010000000000002,0.9350000000000003,0.95,0.9573333333333334,0.7785325396825397,10,-0.008000000000000007,-0.016000000000000236,0.018333333333333424,0.008666666666666711,0.005666666666666598,0.0010000000000000009,-0.004176984126984196,48,48,404,343,320,23,9,16,10,5,2,2,False,20,23,457,25,28,16,23,461,18,25,21,5,474,22,6,14,2,484,14,2,5,1,494,5,1,2,1,497,2,1
bm25_1_dense_2_rrf_20_candidates_100_top_10,1.0,2.0,20,100,10,500,485,15,0.6213333333333328,0.8203333333333332,0.9020000000000002,0.9370000000000003,0.952,0.965,0.7791960317460317,10,-0.008000000000000007,-0.014000000000000234,0.019333333333333425,0.010666666666666713,0.0076666666666665995,0.0086666666666666,-0.003513492063492163,48,47,405,343,320,23,9,15,10,5,2,1,True,20,23,457,25,28,16,22,462,18,24,21,5,474,22,6,14,1,485,14,1,7,1,492,7,1,8,1,491,8,1
bm25_1_dense_2_rrf_40_candidates_10_top_10,1.0,2.0,40,10,10,500,485,15,0.6179999999999995,0.8230000000000002,0.8993333333333335,0.9263333333333336,0.942,0.942,0.7773650793650794,10,-0.011333333333333306,-0.011333333333333306,0.01666666666666672,0.0,-0.0023333333333334094,-0.01433333333333342,-0.005344444444444485,44,50,406,343,316,27,10,16,9,2,0,0,False,21,27,452,28,34,17,23,460,20,27,14,3,483,15,4,0,0,500,0,0,4,8,488,4,8,2,14,484,2,15
bm25_1_dense_2_rrf_40_candidates_20_top_10,1.0,2.0,40,20,10,500,485,15,0.6173333333333328,0.815,0.9013333333333334,0.9333333333333336,0.9443333333333334,0.957,0.775668253968254,10,-0.01200000000000001,-0.019333333333333536,0.01866666666666661,0.007000000000000006,0.0,0.0006666666666665932,-0.007041269841269848,47,50,403,343,318,25,9,18,10,4,1,1,False,20,25,455,27,32,16,25,459,19,29,19,5,476,21,8,11,3,486,11,3,0,0,500,0,0,4,4,492,4,4
bm25_1_dense_2_rrf_40_candidates_50_top_10,1.0,2.0,40,50,10,500,485,15,0.6173333333333328,0.8156666666666667,0.8953333333333335,0.9290000000000003,0.952,0.9563333333333334,0.7745825396825398,10,-0.01200000000000001,-0.01866666666666683,0.012666666666666715,0.002666666666666706,0.0076666666666665995,0.0,-0.008126984126984094,48,52,400,343,318,25,9,17,11,8,2,5,False,20,25,455,27,32,16,25,459,18,27,21,9,470,22,10,14,5,481,14,5,6,1,493,6,1,1,1,498,1,1
bm25_1_dense_2_rrf_40_candidates_100_top_10,1.0,2.0,40,100,10,500,485,15,0.6173333333333328,0.8176666666666667,0.8973333333333335,0.9340000000000003,0.953,0.965,0.7753825396825397,10,-0.01200000000000001,-0.01666666666666683,0.014666666666666717,0.0076666666666667105,0.0086666666666666,0.0086666666666666,-0.007326984126984182,48,52,400,343,318,25,9,16,11,7,2,4,True,20,25,455,27,32,16,24,460,18,26,21,8,471,22,9,15,4,481,16,4,7,1,492,7,1,8,1,491,8,1
bm25_1_dense_2_rrf_60_candidates_10_top_10,1.0,2.0,60,10,10,500,485,15,0.6179999999999995,0.8230000000000002,0.8993333333333335,0.9263333333333336,0.942,0.942,0.7773650793650794,10,-0.011333333333333306,-0.011333333333333306,0.01666666666666672,0.0,-0.0023333333333334094,-0.01433333333333342,-0.005344444444444485,44,50,406,343,316,27,10,16,9,2,0,0,False,21,27,452,28,34,17,23,460,20,27,14,3,483,15,4,0,0,500,0,0,4,8,488,4,8,2,14,484,2,15
bm25_1_dense_2_rrf_60_candidates_20_top_10,1.0,2.0,60,20,10,500,485,15,0.6153333333333328,0.817,0.8993333333333335,0.9333333333333336,0.9443333333333334,0.957,0.7745349206349206,10,-0.014000000000000012,-0.017333333333333534,0.01666666666666672,0.007000000000000006,0.0,0.0006666666666665932,-0.008174603174603279,47,51,402,343,317,26,10,18,10,5,1,1,False,20,26,454,27,33,17,25,458,20,29,19,6,475,21,9,11,3,486,11,3,0,0,500,0,0,4,4,492,4,4
bm25_1_dense_2_rrf_60_candidates_50_top_10,1.0,2.0,60,50,10,500,485,15,0.6153333333333328,0.8186666666666667,0.8926666666666667,0.9230000000000003,0.952,0.9563333333333334,0.7728190476190476,10,-0.014000000000000012,-0.01566666666666683,0.009999999999999898,-0.0033333333333332993,0.0076666666666665995,0.0,-0.009890476190476227,48,53,399,343,317,26,11,17,11,9,2,8,False,20,26,454,27,33,18,25,457,21,28,21,11,468,22,12,14,8,478,14,8,6,1,493,6,1,0,0,500,0,0
bm25_1_dense_2_rrf_60_candidates_100_top_10,1.0,2.0,60,100,10,500,485,15,0.6153333333333328,0.8206666666666667,0.8946666666666667,0.9300000000000003,0.952,0.965,0.7738880952380953,10,-0.014000000000000012,-0.013666666666666827,0.0119999999999999,0.003666666666666707,0.0076666666666665995,0.0086666666666666,-0.008821428571428536,49,53,398,343,317,26,11,16,11,9,3,7,True,20,26,454,27,33,18,24,458,21,27,22,11,467,24,12,16,7,477,17,7,8,2,490,8,2,8,1,491,8,1
bm25_1_dense_2_rrf_100_candidates_10_top_10,1.0,2.0,100,10,10,500,485,15,0.6179999999999995,0.8230000000000002,0.8993333333333335,0.9263333333333336,0.942,0.942,0.7773650793650794,10,-0.011333333333333306,-0.011333333333333306,0.01666666666666672,0.0,-0.0023333333333334094,-0.01433333333333342,-0.005344444444444485,44,50,406,343,316,27,10,16,9,2,0,0,False,21,27,452,28,34,17,23,460,20,27,14,3,483,15,4,0,0,500,0,0,4,8,488,4,8,2,14,484,2,15
bm25_1_dense_2_rrf_100_candidates_20_top_10,1.0,2.0,100,20,10,500,485,15,0.6146666666666661,0.817,0.8993333333333335,0.9333333333333336,0.9443333333333334,0.957,0.773868253968254,10,-0.014666666666666717,-0.017333333333333534,0.01666666666666672,0.007000000000000006,0.0,0.0006666666666665932,-0.008841269841269872,47,51,402,343,316,27,10,18,10,5,1,1,False,20,27,453,27,34,17,25,458,20,29,19,6,475,21,9,11,3,486,11,3,0,0,500,0,0,4,4,492,4,4
bm25_1_dense_2_rrf_100_candidates_50_top_10,1.0,2.0,100,50,10,500,485,15,0.6146666666666661,0.8186666666666667,0.8906666666666667,0.9193333333333336,0.952,0.9563333333333334,0.7715134920634921,10,-0.014666666666666717,-0.01566666666666683,0.007999999999999896,-0.007000000000000006,0.0076666666666665995,0.0,-0.011196031746031787,48,53,399,343,316,27,11,17,11,10,2,10,False,20,27,453,27,34,18,25,457,21,28,21,12,467,22,13,14,11,475,14,11,6,1,493,6,1,0,0,500,0,0
bm25_1_dense_2_rrf_100_candidates_100_top_10,1.0,2.0,100,100,10,500,485,15,0.6166666666666661,0.8236666666666667,0.8946666666666667,0.9273333333333336,0.943,0.965,0.7743992063492063,10,-0.012666666666666715,-0.010666666666666824,0.0119999999999999,0.0010000000000000009,-0.0013333333333334085,0.0086666666666666,-0.008310317460317518,49,53,398,343,316,27,12,16,12,10,3,9,False,21,27,452,28,34,19,24,457,23,27,23,12,465,25,13,17,10,473,18,10,8,7,485,8,7,8,1,491,8,1
bm25_1_dense_3_rrf_1_candidates_10_top_10,1.0,3.0,1,10,10,500,485,15,0.6313333333333329,0.8343333333333335,0.899666666666667,0.932666666666667,0.942,0.942,0.7853396825396824,10,0.0020000000000000018,0.0,0.017000000000000126,0.006333333333333413,-0.0023333333333334094,-0.01433333333333342,0.002630158730158594,24,19,457,343,343,0,5,5,6,1,0,0,True,1,0,499,1,0,8,7,485,10,9,14,1,485,15,2,7,0,493,7,0,4,8,488,4,8,2,14,484,2,15
bm25_1_dense_3_rrf_1_candidates_20_top_10,1.0,3.0,1,20,10,500,485,15,0.6293333333333329,0.8353333333333335,0.8980000000000002,0.9350000000000004,0.9463333333333334,0.957,0.7842174603174603,10,0.0,0.0010000000000000009,0.015333333333333421,0.008666666666666822,0.0020000000000000018,0.0006666666666665932,0.0015079365079364582,22,19,459,343,343,0,5,5,5,1,0,0,True,0,0,500,0,0,9,7,484,11,9,15,3,482,16,4,10,0,490,10,0,2,1,497,2,1,4,4,492,4,4
bm25_1_dense_3_rrf_1_candidates_50_top_10,1.0,3.0,1,50,10,500,485,15,0.6293333333333329,0.8353333333333335,0.8950000000000002,0.9350000000000004,0.9476666666666667,0.9573333333333334,0.7840611111111111,10,0.0,0.0010000000000000009,0.012333333333333418,0.008666666666666822,0.0033333333333332993,0.0010000000000000009,0.0013515873015872426,21,19,460,343,343,0,5,5,4,1,0,0,True,0,0,500,0,0,9,7,484,11,9,14,4,482,15,5,10,0,490,10,0,4,1,495,4,1,2,1,497,2,1
bm25_1_dense_3_rrf_1_candidates_100_top_10,1.0,3.0,1,100,10,500,485,15,0.6293333333333329,0.8343333333333335,0.8953333333333336,0.9350000000000004,0.9496666666666667,0.9603333333333334,0.7841753968253967,10,0.0,0.0,0.012666666666666826,0.008666666666666822,0.005333333333333301,0.0040000000000000036,0.001465873015872865,22,19,459,343,343,0,5,5,5,1,0,0,True,0,0,500,0,0,8,7,485,10,9,14,4,482,15,5,10,0,490,10,0,5,0,495,5,0,4,1,495,4,1
bm25_1_dense_3_rrf_5_candidates_10_top_10,1.0,3.0,5,10,10,500,485,15,0.6409999999999995,0.8343333333333335,0.8943333333333336,0.9263333333333336,0.942,0.942,0.7930809523809523,10,0.011666666666666603,0.0,0.011666666666666825,0.0,-0.0023333333333334094,-0.01433333333333342,0.010371428571428476,32,20,448,343,340,3,6,6,6,2,0,0,True,11,3,486,13,5,11,8,481,11,8,10,2,488,11,3,0,0,500,0,0,4,8,488,4,8,2,14,484,2,15
bm25_1_dense_3_rrf_5_candidates_20_top_10,1.0,3.0,5,20,10,500,485,15,0.6343333333333327,0.8293333333333335,0.902666666666667,0.934666666666667,0.9453333333333334,0.957,0.7880460317460317,10,0.004999999999999893,-0.0050000000000000044,0.02000000000000013,0.008333333333333415,0.0010000000000000009,0.0006666666666665932,0.005336507936507862,31,18,451,343,340,3,3,6,6,0,0,0,True,6,3,491,7,4,7,8,485,7,8,15,0,485,16,1,10,0,490,10,0,1,0,499,1,0,4,4,492,4,4
bm25_1_dense_3_rrf_5_candidates_50_top_10,1.0,3.0,5,50,10,500,485,15,0.6323333333333327,0.8293333333333335,0.9000000000000004,0.9340000000000004,0.9496666666666667,0.9573333333333334,0.7876539682539683,10,0.0029999999999998916,-0.0050000000000000044,0.017333333333333534,0.0076666666666668215,0.005333333333333301,0.0010000000000000009,0.004944444444444418,30,17,453,343,340,3,3,6,5,0,0,0,False,5,3,492,6,4,7,8,485,7,8,13,0,487,14,1,9,0,491,9,0,5,0,495,5,0,2,1,497,2,1
bm25_1_dense_3_rrf_5_candidates_100_top_10,1.0,3.0,5,100,10,500,485,15,0.6323333333333327,0.8283333333333335,0.8990000000000004,0.9340000000000004,0.9506666666666667,0.9633333333333334,0.7875539682539683,10,0.0029999999999998916,-0.006000000000000005,0.016333333333333533,0.0076666666666668215,0.006333333333333302,0.007000000000000006,0.004844444444444429,30,18,452,343,340,3,3,6,5,0,0,0,False,5,3,492,6,4,6,8,486,6,8,12,0,488,13,1,9,0,491,9,0,6,0,494,6,0,6,1,493,6,1
bm25_1_dense_3_rrf_10_candidates_10_top_10,1.0,3.0,10,10,10,500,485,15,0.6376666666666662,0.8320000000000001,0.8993333333333335,0.9263333333333336,0.942,0.942,0.7906595238095238,10,0.008333333333333304,-0.0023333333333334094,0.01666666666666672,0.0,-0.0023333333333334094,-0.01433333333333342,0.007949999999999902,36,28,436,343,333,10,8,9,9,2,0,0,False,15,10,475,18,13,14,13,473,16,15,14,3,483,14,3,0,0,500,0,0,4,8,488,4,8,2,14,484,2,15
bm25_1_dense_3_rrf_10_candidates_20_top_10,1.0,3.0,10,20,10,500,485,15,0.6379999999999995,0.8336666666666668,0.9086666666666668,0.934666666666667,0.9443333333333334,0.957,0.7914380952380953,10,0.0086666666666666,-0.0006666666666667043,0.026000000000000023,0.008333333333333415,0.0,0.0006666666666665932,0.008728571428571419,37,22,441,343,335,8,6,7,10,0,0,0,True,14,8,478,16,10,10,9,481,10,9,19,1,480,20,2,10,0,490,10,0,0,0,500,0,0,4,4,492,4,4
bm25_1_dense_3_rrf_10_candidates_50_top_10,1.0,3.0,10,50,10,500,485,15,0.6419999999999995,0.8303333333333335,0.899666666666667,0.934666666666667,0.9506666666666667,0.9573333333333334,0.7931849206349206,10,0.012666666666666604,-0.0040000000000000036,0.017000000000000126,0.008333333333333415,0.006333333333333302,0.0010000000000000009,0.010475396825396777,35,21,444,343,337,6,6,9,6,0,0,0,True,14,6,480,15,7,10,10,480,10,10,13,0,487,14,1,10,0,490,10,0,5,0,495,5,0,2,1,497,2,1
bm25_1_dense_3_rrf_10_candidates_100_top_10,1.0,3.0,10,100,10,500,485,15,0.6419999999999995,0.8323333333333335,0.8990000000000004,0.934666666666667,0.9526666666666667,0.9633333333333334,0.7932849206349206,10,0.012666666666666604,-0.0020000000000000018,0.016333333333333533,0.008333333333333415,0.008333333333333304,0.007000000000000006,0.010575396825396766,35,20,445,343,337,6,6,8,5,0,0,0,True,14,6,480,15,7,10,9,481,10,9,12,0,488,13,1,10,0,490,10,0,7,0,493,7,0,6,1,493,6,1
bm25_1_dense_3_rrf_20_candidates_10_top_10,1.0,3.0,20,10,10,500,485,15,0.634333333333333,0.8306666666666669,0.8993333333333335,0.9263333333333336,0.942,0.942,0.7876039682539682,10,0.0050000000000001155,-0.003666666666666596,0.01666666666666672,0.0,-0.0023333333333334094,-0.01433333333333342,0.0048944444444443125,37,33,430,343,328,15,10,13,9,2,0,0,False,17,15,468,21,19,17,17,466,19,20,14,3,483,15,4,0,0,500,0,0,4,8,488,4,8,2,14,484,2,15
bm25_1_dense_3_rrf_20_candidates_20_top_10,1.0,3.0,20,20,10,500,485,15,0.6343333333333327,0.835,0.9086666666666668,0.9320000000000003,0.9443333333333334,0.957,0.7897603174603174,10,0.004999999999999893,0.0006666666666664822,0.026000000000000023,0.005666666666666709,0.0,0.0006666666666665932,0.00705079365079353,39,30,431,343,331,12,11,10,10,0,0,1,True,16,12,472,18,14,15,13,472,16,14,19,1,480,20,2,10,2,488,10,2,0,0,500,0,0,4,4,492,4,4
bm25_1_dense_3_rrf_20_candidates_50_top_10,1.0,3.0,20,50,10,500,485,15,0.6363333333333328,0.831,0.900666666666667,0.9353333333333336,0.9506666666666667,0.9573333333333334,0.7900642857142857,10,0.006999999999999895,-0.0033333333333335213,0.018000000000000127,0.009000000000000008,0.006333333333333302,0.0010000000000000009,0.0073547619047618085,38,29,433,343,332,11,10,11,9,3,0,0,True,16,11,473,17,12,14,14,472,14,14,17,3,480,18,4,11,0,489,11,0,5,0,495,5,0,1,0,499,1,0
bm25_1_dense_3_rrf_20_candidates_100_top_10,1.0,3.0,20,100,10,500,485,15,0.6383333333333328,0.829,0.903666666666667,0.934666666666667,0.9516666666666667,0.964,0.7910595238095238,10,0.008999999999999897,-0.005333333333333523,0.02100000000000013,0.008333333333333415,0.007333333333333303,0.0076666666666665995,0.008349999999999969,37,27,436,343,333,10,9,11,9,2,0,0,True,16,10,474,17,11,13,14,473,13,14,17,2,481,18,3,10,0,490,10,0,6,0,494,6,0,7,1,492,7,1
bm25_1_dense_3_rrf_40_candidates_10_top_10,1.0,3.0,40,10,10,500,485,15,0.634333333333333,0.8310000000000002,0.8993333333333335,0.9263333333333336,0.942,0.942,0.787170634920635,10,0.0050000000000001155,-0.0033333333333332993,0.01666666666666672,0.0,-0.0023333333333334094,-0.01433333333333342,0.004461111111111138,38,33,429,343,327,16,10,13,9,2,0,0,False,18,16,466,22,20,17,18,465,19,21,14,3,483,15,4,0,0,500,0,0,4,8,488,4,8,2,14,484,2,15
bm25_1_dense_3_rrf_40_candidates_20_top_10,1.0,3.0,40,20,10,500,485,15,0.6336666666666662,0.8303333333333334,0.9006666666666668,0.9313333333333336,0.9443333333333334,0.957,0.7861603174603176,10,0.0043333333333333,-0.004000000000000115,0.018000000000000016,0.0050000000000000044,0.0,0.0006666666666665932,0.0034507936507937043,40,31,429,343,329,14,11,13,10,4,0,1,False,17,14,469,19,16,16,16,468,17,18,18,5,477,20,8,10,3,487,10,3,0,0,500,0,0,4,4,492,4,4
bm25_1_dense_3_rrf_40_candidates_50_top_10,1.0,3.0,40,50,10,500,485,15,0.6356666666666662,0.829,0.8963333333333336,0.9340000000000003,0.9506666666666667,0.9563333333333334,0.7867261904761905,10,0.006333333333333302,-0.005333333333333523,0.013666666666666827,0.0076666666666667105,0.006333333333333302,0.0,0.004016666666666668,40,31,429,343,330,13,10,12,10,7,0,1,False,17,13,470,19,15,15,16,469,15,16,19,7,474,20,8,12,1,487,12,1,5,0,495,5,0,0,0,500,0,0
bm25_1_dense_3_rrf_40_candidates_100_top_10,1.0,3.0,40,100,10,500,485,15,0.6356666666666662,0.831,0.9003333333333337,0.9330000000000003,0.9516666666666667,0.964,0.787329365079365,10,0.006333333333333302,-0.0033333333333335213,0.01766666666666683,0.00666666666666671,0.007333333333333303,0.0076666666666665995,0.004619841269841163,40,30,430,343,330,13,10,11,10,5,0,2,True,17,13,470,19,15,15,15,470,15,15,19,5,476,20,6,12,2,486,12,2,6,0,494,6,0,7,1,492,7,1
bm25_1_dense_3_rrf_60_candidates_10_top_10,1.0,3.0,60,10,10,500,485,15,0.634333333333333,0.8310000000000002,0.8993333333333335,0.9263333333333336,0.942,0.942,0.787170634920635,10,0.0050000000000001155,-0.0033333333333332993,0.01666666666666672,0.0,-0.0023333333333334094,-0.01433333333333342,0.004461111111111138,38,33,429,343,327,16,10,13,9,2,0,0,False,18,16,466,22,20,17,18,465,19,21,14,3,483,15,4,0,0,500,0,0,4,8,488,4,8,2,14,484,2,15
bm25_1_dense_3_rrf_60_candidates_20_top_10,1.0,3.0,60,20,10,500,485,15,0.6336666666666662,0.8283333333333334,0.9006666666666668,0.9313333333333336,0.9443333333333334,0.957,0.7858150793650793,10,0.0043333333333333,-0.006000000000000116,0.018000000000000016,0.0050000000000000044,0.0,0.0006666666666665932,0.0031055555555554726,40,31,429,343,329,14,11,14,10,4,0,1,False,17,14,469,19,16,16,17,467,18,20,18,5,477,20,8,10,3,487,10,3,0,0,500,0,0,4,4,492,4,4
bm25_1_dense_3_rrf_60_candidates_50_top_10,1.0,3.0,60,50,10,500,485,15,0.6356666666666662,0.829,0.8943333333333336,0.9290000000000003,0.9506666666666667,0.9563333333333334,0.7855595238095239,10,0.006333333333333302,-0.005333333333333523,0.011666666666666825,0.002666666666666706,0.006333333333333302,0.0,0.002850000000000019,41,32,427,343,330,13,10,12,10,8,1,4,False,17,13,470,19,15,15,16,469,16,17,19,8,473,20,9,13,4,483,13,4,5,0,495,5,0,0,0,500,0,0
bm25_1_dense_3_rrf_60_candidates_100_top_10,1.0,3.0,60,100,10,500,485,15,0.6356666666666662,0.831,0.8963333333333336,0.9330000000000003,0.9516666666666667,0.965,0.7864476190476191,10,0.006333333333333302,-0.0033333333333335213,0.013666666666666827,0.00666666666666671,0.007333333333333303,0.0086666666666666,0.003738095238095207,41,32,427,343,330,13,10,11,10,7,1,3,True,17,13,470,19,15,15,15,470,16,16,19,7,474,20,8,13,3,484,14,3,6,0,494,6,0,8,1,491,8,1
bm25_1_dense_3_rrf_100_candidates_10_top_10,1.0,3.0,100,10,10,500,485,15,0.634333333333333,0.8310000000000002,0.8993333333333335,0.9263333333333336,0.942,0.942,0.787170634920635,10,0.0050000000000001155,-0.0033333333333332993,0.01666666666666672,0.0,-0.0023333333333334094,-0.01433333333333342,0.004461111111111138,38,33,429,343,327,16,10,13,9,2,0,0,False,18,16,466,22,20,17,18,465,19,21,14,3,483,15,4,0,0,500,0,0,4,8,488,4,8,2,14,484,2,15
bm25_1_dense_3_rrf_100_candidates_20_top_10,1.0,3.0,100,20,10,500,485,15,0.6336666666666662,0.8283333333333334,0.9006666666666668,0.9313333333333336,0.9443333333333334,0.957,0.7854460317460318,10,0.0043333333333333,-0.006000000000000116,0.018000000000000016,0.0050000000000000044,0.0,0.0006666666666665932,0.002736507936507926,40,31,429,343,329,14,11,14,10,4,0,1,False,17,14,469,20,17,16,17,467,19,21,18,5,477,20,8,10,3,487,10,3,0,0,500,0,0,4,4,492,4,4
bm25_1_dense_3_rrf_100_candidates_50_top_10,1.0,3.0,100,50,10,500,485,15,0.6336666666666662,0.83,0.8953333333333336,0.9230000000000003,0.9526666666666667,0.9563333333333334,0.7840301587301588,10,0.0043333333333333,-0.004333333333333522,0.012666666666666826,-0.0033333333333332993,0.008333333333333304,0.0,0.0013206349206349444,41,33,426,343,329,14,12,13,11,8,1,7,False,17,14,469,20,17,17,17,466,19,19,20,8,472,21,9,13,7,480,13,7,6,0,494,6,0,0,0,500,0,0
bm25_1_dense_3_rrf_100_candidates_100_top_10,1.0,3.0,100,100,10,500,485,15,0.6336666666666662,0.833,0.8993333333333337,0.9280000000000003,0.9516666666666667,0.965,0.785115873015873,10,0.0043333333333333,-0.0013333333333335196,0.01666666666666683,0.0016666666666667052,0.007333333333333303,0.0086666666666666,0.00240634920634919,41,33,426,343,329,14,12,12,11,7,1,6,True,17,14,469,20,17,17,16,467,20,18,21,7,472,23,8,14,6,480,15,6,8,2,490,8,2,8,1,491,8,1
bm25_1_dense_5_rrf_1_candidates_10_top_10,1.0,5.0,1,10,10,500,485,15,0.6293333333333329,0.8313333333333335,0.8910000000000002,0.9310000000000004,0.942,0.942,0.7836190476190475,10,0.0,-0.0030000000000000027,0.008333333333333415,0.004666666666666819,-0.0023333333333334094,-0.01433333333333342,0.0009095238095236935,15,8,477,343,343,0,1,2,2,0,0,0,False,0,0,500,0,0,2,4,494,2,4,7,0,493,8,1,5,0,495,5,0,4,8,488,4,8,2,14,484,2,15
bm25_1_dense_5_rrf_1_candidates_20_top_10,1.0,5.0,1,20,10,500,485,15,0.6293333333333329,0.8313333333333335,0.8936666666666669,0.9333333333333337,0.9453333333333334,0.957,0.7835277777777778,10,0.0,-0.0030000000000000027,0.01100000000000012,0.007000000000000117,0.0010000000000000009,0.0006666666666665932,0.000818253968253968,13,8,479,343,343,0,1,2,2,0,0,0,False,0,0,500,0,0,2,4,494,2,4,10,0,490,11,1,8,0,492,8,0,1,0,499,1,0,4,4,492,4,4
bm25_1_dense_5_rrf_1_candidates_50_top_10,1.0,5.0,1,50,10,500,485,15,0.6293333333333329,0.8313333333333335,0.8936666666666669,0.9333333333333337,0.948,0.9573333333333334,0.7834912698412698,10,0.0,-0.0030000000000000027,0.01100000000000012,0.007000000000000117,0.003666666666666596,0.0010000000000000009,0.0007817460317459668,12,7,481,343,343,0,1,2,2,0,0,0,False,0,0,500,0,0,2,4,494,2,4,10,0,490,11,1,8,0,492,8,0,3,0,497,3,0,2,1,497,2,1
bm25_1_dense_5_rrf_1_candidates_100_top_10,1.0,5.0,1,100,10,500,485,15,0.6293333333333329,0.8313333333333335,0.8936666666666669,0.9343333333333337,0.948,0.9593333333333334,0.7833912698412698,10,0.0,-0.0030000000000000027,0.01100000000000012,0.008000000000000118,0.003666666666666596,0.0030000000000000027,0.0006817460317459778,11,7,482,343,343,0,1,2,2,0,0,0,False,0,0,500,0,0,2,4,494,2,4,10,0,490,11,1,9,0,491,9,0,3,0,497,3,0,3,1,496,3,1
bm25_1_dense_5_rrf_5_candidates_10_top_10,1.0,5.0,5,10,10,500,485,15,0.6359999999999995,0.8383333333333335,0.8943333333333336,0.9263333333333336,0.942,0.942,0.7880809523809523,10,0.006666666666666599,0.0040000000000000036,0.011666666666666825,0.0,-0.0023333333333334094,-0.01433333333333342,0.0053714285714284715,23,10,467,343,342,1,2,1,5,1,0,0,False,5,1,494,6,2,4,1,495,4,1,9,1,490,10,2,0,0,500,0,0,4,8,488,4,8,2,14,484,2,15
bm25_1_dense_5_rrf_5_candidates_20_top_10,1.0,5.0,5,20,10,500,485,15,0.6313333333333329,0.8383333333333335,0.8983333333333337,0.9326666666666671,0.9443333333333334,0.957,0.7853587301587301,10,0.0020000000000000018,0.0040000000000000036,0.01566666666666683,0.006333333333333524,0.0,0.0006666666666665932,0.00264920634920629,22,8,470,343,342,1,2,1,6,0,0,0,False,2,1,497,2,1,4,1,495,4,1,10,0,490,11,1,7,0,493,7,0,0,0,500,0,0,4,4,492,4,4
bm25_1_dense_5_rrf_5_candidates_50_top_10,1.0,5.0,5,50,10,500,485,15,0.6313333333333329,0.8373333333333335,0.8943333333333336,0.9326666666666671,0.947,0.9563333333333334,0.7852888888888889,10,0.0020000000000000018,0.0030000000000000027,0.011666666666666825,0.006333333333333524,0.002666666666666595,0.0,0.00257936507936507,21,7,472,343,342,1,2,1,4,0,0,0,False,2,1,497,2,1,3,1,496,3,1,8,0,492,9,1,7,0,493,7,0,2,0,498,2,0,1,1,498,1,1
bm25_1_dense_5_rrf_5_candidates_100_top_10,1.0,5.0,5,100,10,500,485,15,0.6313333333333329,0.8373333333333335,0.8923333333333336,0.9326666666666671,0.948,0.9623333333333334,0.7851222222222223,10,0.0020000000000000018,0.0030000000000000027,0.009666666666666823,0.006333333333333524,0.003666666666666596,0.006000000000000005,0.002412698412698422,19,7,474,343,342,1,2,1,3,0,0,0,True,2,1,497,2,1,3,1,496,3,1,7,0,493,8,1,7,0,493,7,0,3,0,497,3,0,5,1,494,5,1
bm25_1_dense_5_rrf_10_candidates_10_top_10,1.0,5.0,10,10,10,500,485,15,0.6419999999999995,0.8433333333333335,0.8933333333333336,0.9263333333333336,0.942,0.942,0.7928642857142858,10,0.012666666666666604,0.009000000000000008,0.010666666666666824,0.0,-0.0023333333333334094,-0.01433333333333342,0.010154761904761944,29,11,460,343,341,2,5,1,5,2,0,0,True,10,2,488,12,4,8,1,491,8,1,10,2,488,10,2,0,0,500,0,0,4,8,488,4,8,2,14,484,2,15
bm25_1_dense_5_rrf_10_candidates_20_top_10,1.0,5.0,10,20,10,500,485,15,0.6313333333333329,0.8406666666666668,0.8990000000000002,0.9326666666666671,0.9443333333333334,0.957,0.7859071428571428,10,0.0020000000000000018,0.006333333333333302,0.016333333333333422,0.006333333333333524,0.0,0.0006666666666665932,0.0031976190476189492,27,10,463,343,340,3,3,1,6,0,0,0,True,4,3,493,5,4,6,2,492,6,2,11,0,489,12,1,7,0,493,7,0,0,0,500,0,0,4,4,492,4,4
bm25_1_dense_5_rrf_10_candidates_50_top_10,1.0,5.0,10,50,10,500,485,15,0.6333333333333327,0.8413333333333335,0.8943333333333336,0.9326666666666671,0.947,0.9573333333333334,0.7867896825396825,10,0.0039999999999998925,0.007000000000000006,0.011666666666666825,0.006333333333333524,0.002666666666666595,0.0010000000000000009,0.004080158730158656,24,7,469,343,342,1,3,1,4,0,0,0,False,3,1,496,4,2,6,1,493,6,1,8,0,492,9,1,7,0,493,7,0,2,0,498,2,0,1,0,499,1,0
bm25_1_dense_5_rrf_10_candidates_100_top_10,1.0,5.0,10,100,10,500,485,15,0.6333333333333327,0.8403333333333335,0.8943333333333336,0.9326666666666671,0.947,0.9633333333333334,0.7867896825396825,10,0.0039999999999998925,0.006000000000000005,0.011666666666666825,0.006333333333333524,0.002666666666666595,0.007000000000000006,0.004080158730158656,24,7,469,343,342,1,3,1,4,0,0,0,False,3,1,496,4,2,5,1,494,5,1,8,0,492,9,1,7,0,493,7,0,2,0,498,2,0,6,1,493,6,1
bm25_1_dense_5_rrf_20_candidates_10_top_10,1.0,5.0,20,10,10,500,485,15,0.6346666666666662,0.8400000000000001,0.8993333333333335,0.9263333333333336,0.942,0.942,0.788931746031746,10,0.005333333333333301,0.005666666666666598,0.01666666666666672,0.0,-0.0023333333333334094,-0.01433333333333342,0.006222222222222129,30,20,450,343,335,8,7,5,9,2,0,0,True,11,8,481,14,11,14,9,477,16,11,14,3,483,14,3,0,0,500,0,0,4,8,488,4,8,2,14,484,2,15
bm25_1_dense_5_rrf_20_candidates_20_top_10,1.0,5.0,20,20,10,500,485,15,0.6299999999999994,0.8416666666666668,0.9030000000000001,0.9340000000000004,0.9443333333333334,0.957,0.7862960317460318,10,0.0006666666666665932,0.007333333333333303,0.020333333333333314,0.0076666666666668215,0.0,0.0006666666666665932,0.0035865079365079433,29,16,455,343,337,6,5,3,9,0,0,0,True,7,6,487,9,8,9,4,487,9,4,14,1,485,15,2,9,0,491,9,0,0,0,500,0,0,4,4,492,4,4
bm25_1_dense_5_rrf_20_candidates_50_top_10,1.0,5.0,20,50,10,500,485,15,0.6339999999999995,0.8396666666666668,0.8950000000000002,0.9333333333333337,0.947,0.9563333333333334,0.7878706349206349,10,0.004666666666666597,0.005333333333333301,0.012333333333333418,0.007000000000000117,0.002666666666666595,0.0,0.005161111111111061,27,14,459,343,339,4,5,4,7,2,0,0,True,7,4,489,8,5,9,5,486,9,5,11,2,487,12,3,8,0,492,8,0,2,0,498,2,0,0,0,500,0,0
bm25_1_dense_5_rrf_20_candidates_100_top_10,1.0,5.0,20,100,10,500,485,15,0.6339999999999995,0.8416666666666668,0.8953333333333336,0.9333333333333337,0.947,0.9633333333333334,0.7876373015873016,10,0.004666666666666597,0.007333333333333303,0.012666666666666826,0.007000000000000117,0.002666666666666595,0.007000000000000006,0.004927777777777753,27,12,461,343,339,4,5,3,6,2,0,0,True,7,4,489,8,5,9,4,487,9,4,10,2,488,11,3,8,0,492,8,0,2,0,498,2,0,6,1,493,6,1
bm25_1_dense_5_rrf_40_candidates_10_top_10,1.0,5.0,40,10,10,500,485,15,0.630333333333333,0.8406666666666669,0.8993333333333335,0.9263333333333336,0.942,0.942,0.7855039682539682,10,0.001000000000000112,0.006333333333333413,0.01666666666666672,0.0,-0.0023333333333334094,-0.01433333333333342,0.0027944444444443217,31,25,444,343,330,13,9,8,9,2,0,0,False,13,13,474,17,17,16,11,473,18,14,14,3,483,15,4,0,0,500,0,0,4,8,488,4,8,2,14,484,2,15
bm25_1_dense_5_rrf_40_candidates_20_top_10,1.0,5.0,40,20,10,500,485,15,0.6339999999999995,0.8356666666666668,0.9080000000000003,0.9313333333333336,0.9443333333333334,0.957,0.7881269841269841,10,0.004666666666666597,0.0013333333333332975,0.02533333333333343,0.0050000000000000044,0.0,0.0006666666666665932,0.005417460317460265,31,20,449,343,335,8,6,7,10,0,0,1,True,12,8,480,14,10,10,8,482,11,9,18,1,481,20,3,9,2,489,9,2,0,0,500,0,0,4,4,492,4,4
bm25_1_dense_5_rrf_40_candidates_50_top_10,1.0,5.0,40,50,10,500,485,15,0.6379999999999995,0.8376666666666668,0.8926666666666669,0.934666666666667,0.948,0.9563333333333334,0.7902595238095238,10,0.0086666666666666,0.0033333333333332993,0.01000000000000012,0.008333333333333415,0.003666666666666596,0.0,0.007549999999999946,29,18,453,343,337,6,6,6,7,4,0,0,True,12,6,482,13,7,10,7,483,10,7,13,4,483,14,5,10,0,490,10,0,3,0,497,3,0,0,0,500,0,0
bm25_1_dense_5_rrf_40_candidates_100_top_10,1.0,5.0,40,100,10,500,485,15,0.6399999999999995,0.8376666666666668,0.8920000000000002,0.9340000000000004,0.948,0.9633333333333334,0.7913785714285714,10,0.010666666666666602,0.0033333333333332993,0.009333333333333416,0.0076666666666668215,0.003666666666666596,0.007000000000000006,0.00866904761904752,29,16,455,343,338,5,6,6,7,4,0,0,True,12,5,483,13,6,10,7,483,10,7,11,4,485,12,5,9,0,491,9,0,3,0,497,3,0,6,1,493,6,1
bm25_1_dense_5_rrf_60_candidates_10_top_10,1.0,5.0,60,10,10,500,485,15,0.630333333333333,0.8390000000000002,0.8993333333333335,0.9263333333333336,0.942,0.942,0.7853373015873015,10,0.001000000000000112,0.004666666666666708,0.01666666666666672,0.0,-0.0023333333333334094,-0.01433333333333342,0.0026277777777776734,31,25,444,343,330,13,9,9,9,2,0,0,False,13,13,474,17,17,16,13,471,18,16,14,3,483,15,4,0,0,500,0,0,4,8,488,4,8,2,14,484,2,15
bm25_1_dense_5_rrf_60_candidates_20_top_10,1.0,5.0,60,20,10,500,485,15,0.6319999999999995,0.8330000000000001,0.9033333333333334,0.9313333333333336,0.9443333333333334,0.957,0.7860269841269841,10,0.002666666666666595,-0.0013333333333334085,0.02066666666666661,0.0050000000000000044,0.0,0.0006666666666665932,0.0033174603174602746,31,21,448,343,334,9,6,9,10,2,0,1,False,12,9,479,14,11,10,9,481,11,11,18,4,478,20,6,9,2,489,9,2,0,0,500,0,0,4,4,492,4,4
bm25_1_dense_5_rrf_60_candidates_50_top_10,1.0,5.0,60,50,10,500,485,15,0.6359999999999995,0.8356666666666668,0.8876666666666669,0.932666666666667,0.9486666666666667,0.9563333333333334,0.7880261904761905,10,0.006666666666666599,0.0013333333333332975,0.0050000000000001155,0.006333333333333413,0.0043333333333333,0.0,0.005316666666666636,29,19,452,343,336,7,6,7,7,7,0,1,True,12,7,481,14,9,10,8,482,10,8,13,7,480,14,8,10,1,489,10,1,4,0,496,4,0,0,0,500,0,0
bm25_1_dense_5_rrf_60_candidates_100_top_10,1.0,5.0,60,100,10,500,485,15,0.6359999999999995,0.8376666666666668,0.8900000000000002,0.9310000000000004,0.9486666666666667,0.9633333333333334,0.7886293650793651,10,0.006666666666666599,0.0033333333333332993,0.007333333333333414,0.004666666666666819,0.0043333333333333,0.007000000000000006,0.005919841269841242,29,18,453,343,336,7,6,6,7,5,0,2,True,12,7,481,14,9,10,7,483,10,7,11,5,484,12,6,9,2,489,9,2,4,0,496,4,0,6,1,493,6,1
bm25_1_dense_5_rrf_100_candidates_10_top_10,1.0,5.0,100,10,10,500,485,15,0.630333333333333,0.8390000000000002,0.8993333333333335,0.9263333333333336,0.942,0.942,0.7853373015873015,10,0.001000000000000112,0.004666666666666708,0.01666666666666672,0.0,-0.0023333333333334094,-0.01433333333333342,0.0026277777777776734,31,25,444,343,330,13,9,9,9,2,0,0,False,13,13,474,17,17,16,13,471,18,16,14,3,483,15,4,0,0,500,0,0,4,8,488,4,8,2,14,484,2,15
bm25_1_dense_5_rrf_100_candidates_20_top_10,1.0,5.0,100,20,10,500,485,15,0.6323333333333327,0.8303333333333334,0.9006666666666668,0.930666666666667,0.9443333333333334,0.957,0.7852150793650794,10,0.0029999999999998916,-0.004000000000000115,0.018000000000000016,0.004333333333333411,0.0,0.0006666666666665932,0.0025055555555555387,32,22,446,343,333,10,6,10,10,4,0,1,False,13,10,477,15,12,10,11,479,11,13,18,5,477,20,8,9,3,488,9,3,0,0,500,0,0,4,4,492,4,4
bm25_1_dense_5_rrf_100_candidates_50_top_10,1.0,5.0,100,50,10,500,485,15,0.6343333333333327,0.835,0.8876666666666669,0.9283333333333336,0.9506666666666667,0.9563333333333334,0.7859293650793651,10,0.004999999999999893,0.0006666666666664822,0.0050000000000001155,0.0020000000000000018,0.006333333333333302,0.0,0.003219841269841206,32,22,446,343,334,9,6,7,8,8,1,4,False,13,9,478,15,11,10,9,481,10,9,14,8,478,15,9,12,4,484,12,4,5,0,495,5,0,0,0,500,0,0
bm25_1_dense_5_rrf_100_candidates_100_top_10,1.0,5.0,100,100,10,500,485,15,0.6343333333333327,0.837,0.8880000000000002,0.929666666666667,0.9506666666666667,0.9633333333333334,0.7871071428571429,10,0.004999999999999893,0.002666666666666484,0.005333333333333412,0.0033333333333334103,0.006333333333333302,0.007000000000000006,0.004397619047619039,32,22,446,343,334,9,6,6,8,7,1,4,True,13,9,478,15,11,10,8,482,10,8,12,7,481,13,8,11,4,485,12,4,5,0,495,5,0,6,1,493,6,1
bm25_1_dense_8_rrf_1_candidates_10_top_10,1.0,8.0,1,10,10,500,485,15,0.6293333333333329,0.8363333333333335,0.8903333333333336,0.9263333333333336,0.942,0.942,0.7833388888888888,10,0.0,0.0020000000000000018,0.0076666666666668215,0.0,-0.0023333333333334094,-0.01433333333333342,0.0006293650793649519,10,2,488,343,343,0,1,0,2,0,0,0,False,0,0,500,0,0,1,0,499,1,0,6,0,494,7,1,0,0,500,0,0,4,8,488,4,8,2,14,484,2,15
bm25_1_dense_8_rrf_1_candidates_20_top_10,1.0,8.0,1,20,10,500,485,15,0.6293333333333329,0.8363333333333335,0.8903333333333336,0.9333333333333337,0.9453333333333334,0.957,0.7833111111111112,10,0.0,0.0020000000000000018,0.0076666666666668215,0.007000000000000117,0.0010000000000000009,0.0006666666666665932,0.0006015873015873252,10,3,487,343,343,0,1,0,2,0,0,0,False,0,0,500,0,0,1,0,499,1,0,6,0,494,7,1,8,0,492,8,0,1,0,499,1,0,4,4,492,4,4
bm25_1_dense_8_rrf_1_candidates_50_top_10,1.0,8.0,1,50,10,500,485,15,0.6293333333333329,0.8363333333333335,0.8903333333333336,0.9333333333333337,0.9473333333333334,0.9563333333333334,0.7833111111111112,10,0.0,0.0020000000000000018,0.0076666666666668215,0.007000000000000117,0.0030000000000000027,0.0,0.0006015873015873252,10,3,487,343,343,0,1,0,2,0,0,0,False,0,0,500,0,0,1,0,499,1,0,6,0,494,7,1,8,0,492,8,0,2,0,498,2,0,1,1,498,1,1
bm25_1_dense_8_rrf_1_candidates_100_top_10,1.0,8.0,1,100,10,500,485,15,0.6293333333333329,0.8363333333333335,0.8903333333333336,0.9333333333333337,0.9473333333333334,0.9613333333333334,0.7833111111111112,10,0.0,0.0020000000000000018,0.0076666666666668215,0.007000000000000117,0.0030000000000000027,0.0050000000000000044,0.0006015873015873252,10,3,487,343,343,0,1,0,2,0,0,0,False,0,0,500,0,0,1,0,499,1,0,6,0,494,7,1,8,0,492,8,0,2,0,498,2,0,4,1,495,4,1
bm25_1_dense_8_rrf_5_candidates_10_top_10,1.0,8.0,5,10,10,500,485,15,0.6293333333333329,0.8373333333333335,0.8903333333333336,0.9263333333333336,0.942,0.942,0.7838722222222223,10,0.0,0.0030000000000000027,0.0076666666666668215,0.0,-0.0023333333333334094,-0.01433333333333342,0.0011626984126984485,14,4,482,343,343,0,1,0,2,0,0,0,False,0,0,500,0,0,2,0,498,2,0,6,0,494,7,1,0,0,500,0,0,4,8,488,4,8,2,14,484,2,15
bm25_1_dense_8_rrf_5_candidates_20_top_10,1.0,8.0,5,20,10,500,485,15,0.6293333333333329,0.8373333333333335,0.8903333333333336,0.9326666666666671,0.9443333333333334,0.957,0.7838563492063493,10,0.0,0.0030000000000000027,0.0076666666666668215,0.006333333333333524,0.0,0.0006666666666665932,0.0011468253968254238,13,4,483,343,343,0,1,0,2,0,0,0,False,0,0,500,0,0,2,0,498,2,0,6,0,494,7,1,7,0,493,7,0,0,0,500,0,0,4,4,492,4,4
bm25_1_dense_8_rrf_5_candidates_50_top_10,1.0,8.0,5,50,10,500,485,15,0.6293333333333329,0.8363333333333335,0.8903333333333336,0.9326666666666671,0.9463333333333334,0.9573333333333334,0.7835920634920636,10,0.0,0.0020000000000000018,0.0076666666666668215,0.006333333333333524,0.0020000000000000018,0.0010000000000000009,0.0008825396825397069,11,3,486,343,343,0,1,0,2,0,0,0,False,0,0,500,0,0,1,0,499,1,0,6,0,494,7,1,7,0,493,7,0,1,0,499,1,0,1,0,499,1,0
bm25_1_dense_8_rrf_5_candidates_100_top_10,1.0,8.0,5,100,10,500,485,15,0.6293333333333329,0.8363333333333335,0.8903333333333336,0.9326666666666671,0.9463333333333334,0.9613333333333334,0.7834920634920635,10,0.0,0.0020000000000000018,0.0076666666666668215,0.006333333333333524,0.0020000000000000018,0.0050000000000000044,0.0007825396825396069,10,3,487,343,343,0,1,0,2,0,0,0,False,0,0,500,0,0,1,0,499,1,0,6,0,494,7,1,7,0,493,7,0,1,0,499,1,0,4,1,495,4,1
bm25_1_dense_8_rrf_10_candidates_10_top_10,1.0,8.0,10,10,10,500,485,15,0.6369999999999995,0.8403333333333335,0.8923333333333336,0.9263333333333336,0.942,0.942,0.7893309523809523,10,0.0076666666666665995,0.006000000000000005,0.009666666666666823,0.0,-0.0023333333333334094,-0.01433333333333342,0.006621428571428445,23,9,468,343,342,1,2,0,4,1,0,0,False,6,1,493,7,2,4,0,496,4,0,8,1,491,9,2,0,0,500,0,0,4,8,488,4,8,2,14,484,2,15
bm25_1_dense_8_rrf_10_candidates_20_top_10,1.0,8.0,10,20,10,500,485,15,0.6313333333333329,0.8403333333333335,0.8963333333333336,0.9326666666666671,0.9443333333333334,0.957,0.7859619047619048,10,0.0020000000000000018,0.006000000000000005,0.013666666666666827,0.006333333333333524,0.0,0.0006666666666665932,0.0032523809523808955,21,6,473,343,342,1,2,0,5,0,0,0,True,2,1,497,2,1,4,0,496,4,0,9,0,491,10,1,7,0,493,7,0,0,0,500,0,0,4,4,492,4,4
bm25_1_dense_8_rrf_10_candidates_50_top_10,1.0,8.0,10,50,10,500,485,15,0.6293333333333329,0.8393333333333335,0.8923333333333336,0.9326666666666671,0.9463333333333334,0.9563333333333334,0.7847920634920634,10,0.0,0.0050000000000000044,0.009666666666666823,0.006333333333333524,0.0020000000000000018,0.0,0.0020825396825395748,19,5,476,343,342,1,2,0,3,0,0,0,False,1,1,498,1,1,3,0,497,3,0,7,0,493,8,1,7,0,493,7,0,1,0,499,1,0,0,0,500,0,0
bm25_1_dense_8_rrf_10_candidates_100_top_10,1.0,8.0,10,100,10,500,485,15,0.6293333333333329,0.8393333333333335,0.8903333333333336,0.9326666666666671,0.9463333333333334,0.9613333333333334,0.7846253968253968,10,0.0,0.0050000000000000044,0.0076666666666668215,0.006333333333333524,0.0020000000000000018,0.0050000000000000044,0.0019158730158729265,17,5,478,343,342,1,2,0,2,0,0,0,False,1,1,498,1,1,3,0,497,3,0,6,0,494,7,1,7,0,493,7,0,1,0,499,1,0,4,1,495,4,1
bm25_1_dense_8_rrf_20_candidates_10_top_10,1.0,8.0,20,10,10,500,485,15,0.6366666666666662,0.8430000000000001,0.8933333333333336,0.9263333333333336,0.942,0.942,0.7894309523809524,10,0.007333333333333303,0.0086666666666666,0.010666666666666824,0.0,-0.0023333333333334094,-0.01433333333333342,0.006721428571428545,28,14,458,343,338,5,5,1,5,2,0,0,False,9,5,486,12,8,9,3,488,10,4,10,2,488,10,2,0,0,500,0,0,4,8,488,4,8,2,14,484,2,15
bm25_1_dense_8_rrf_20_candidates_20_top_10,1.0,8.0,20,20,10,500,485,15,0.6293333333333329,0.8436666666666668,0.8990000000000002,0.9326666666666671,0.9443333333333334,0.957,0.7850738095238095,10,0.0,0.009333333333333305,0.016333333333333422,0.006333333333333524,0.0,0.0006666666666665932,0.0023642857142855966,24,10,466,343,340,3,4,1,6,0,0,0,False,3,3,494,5,5,8,2,490,8,2,11,0,489,12,1,7,0,493,7,0,0,0,500,0,0,4,4,492,4,4
bm25_1_dense_8_rrf_20_candidates_50_top_10,1.0,8.0,20,50,10,500,485,15,0.6313333333333329,0.8373333333333335,0.8943333333333336,0.9333333333333337,0.947,0.9563333333333334,0.7853920634920635,10,0.0020000000000000018,0.0030000000000000027,0.011666666666666825,0.007000000000000117,0.002666666666666595,0.0,0.0026825396825396197,21,8,471,343,342,1,4,4,4,0,0,0,False,2,1,497,3,2,7,4,489,7,4,8,0,492,9,1,8,0,492,8,0,2,0,498,2,0,0,0,500,0,0
bm25_1_dense_8_rrf_20_candidates_100_top_10,1.0,8.0,20,100,10,500,485,15,0.6313333333333329,0.8363333333333335,0.8943333333333336,0.9333333333333337,0.947,0.9613333333333334,0.7853920634920635,10,0.0020000000000000018,0.0020000000000000018,0.011666666666666825,0.007000000000000117,0.002666666666666595,0.0050000000000000044,0.0026825396825396197,21,7,472,343,342,1,3,3,4,0,0,0,False,2,1,497,3,2,5,3,492,5,3,8,0,492,9,1,8,0,492,8,0,2,0,498,2,0,4,1,495,4,1
bm25_1_dense_8_rrf_40_candidates_10_top_10,1.0,8.0,40,10,10,500,485,15,0.633333333333333,0.8420000000000001,0.8993333333333335,0.9263333333333336,0.942,0.942,0.7871984126984126,10,0.004000000000000115,0.0076666666666665995,0.01666666666666672,0.0,-0.0023333333333334094,-0.01433333333333342,0.004488888888888765,30,21,449,343,334,9,8,5,9,2,0,0,True,10,9,481,14,13,15,9,476,17,11,14,3,483,15,4,0,0,500,0,0,4,8,488,4,8,2,14,484,2,15
bm25_1_dense_8_rrf_40_candidates_20_top_10,1.0,8.0,40,20,10,500,485,15,0.6273333333333329,0.8416666666666668,0.9030000000000001,0.9333333333333337,0.9443333333333334,0.957,0.7839626984126984,10,-0.0020000000000000018,0.007333333333333303,0.020333333333333314,0.007000000000000117,0.0,0.0006666666666665932,0.0012531746031745339,27,17,456,343,337,6,6,4,9,0,0,0,False,5,6,489,7,8,10,5,485,10,5,14,1,485,15,2,8,0,492,8,0,0,0,500,0,0,4,4,492,4,4
bm25_1_dense_8_rrf_40_candidates_50_top_10,1.0,8.0,40,50,10,500,485,15,0.6313333333333329,0.8396666666666668,0.8910000000000002,0.9333333333333337,0.947,0.9563333333333334,0.7850968253968253,10,0.0020000000000000018,0.005333333333333301,0.008333333333333415,0.007000000000000117,0.002666666666666595,0.0,0.0023873015873014936,25,13,462,343,339,4,6,5,6,3,0,0,False,5,4,491,6,5,10,6,484,10,6,10,3,487,11,4,8,0,492,8,0,2,0,498,2,0,0,0,500,0,0
bm25_1_dense_8_rrf_40_candidates_100_top_10,1.0,8.0,40,100,10,500,485,15,0.6353333333333328,0.8396666666666668,0.8933333333333336,0.9333333333333337,0.947,0.9613333333333334,0.7869587301587302,10,0.005999999999999894,0.005333333333333301,0.010666666666666824,0.007000000000000117,0.002666666666666595,0.0050000000000000044,0.004249206349206336,24,9,467,343,341,2,5,4,5,2,0,0,True,5,2,493,6,3,9,5,486,9,5,9,2,489,10,3,8,0,492,8,0,2,0,498,2,0,4,1,495,4,1
bm25_1_dense_8_rrf_60_candidates_10_top_10,1.0,8.0,60,10,10,500,485,15,0.633333333333333,0.8406666666666669,0.8993333333333335,0.9263333333333336,0.942,0.942,0.786170634920635,10,0.004000000000000115,0.006333333333333413,0.01666666666666672,0.0,-0.0023333333333334094,-0.01433333333333342,0.003461111111111137,30,22,448,343,333,10,9,8,9,2,0,0,False,11,10,479,15,14,16,11,473,18,14,14,3,483,15,4,0,0,500,0,0,4,8,488,4,8,2,14,484,2,15
bm25_1_dense_8_rrf_60_candidates_20_top_10,1.0,8.0,60,20,10,500,485,15,0.6293333333333329,0.8376666666666668,0.9086666666666668,0.9313333333333336,0.9443333333333334,0.957,0.7840603174603175,10,0.0,0.0033333333333332993,0.026000000000000023,0.0050000000000000044,0.0,0.0006666666666665932,0.0013507936507936025,27,17,456,343,337,6,6,6,10,0,0,1,True,6,6,488,8,8,10,7,483,11,8,19,1,480,20,2,9,2,489,9,2,0,0,500,0,0,4,4,492,4,4
bm25_1_dense_8_rrf_60_candidates_50_top_10,1.0,8.0,60,50,10,500,485,15,0.6333333333333327,0.8396666666666668,0.8900000000000002,0.9340000000000004,0.947,0.9563333333333334,0.7860587301587302,10,0.0039999999999998925,0.005333333333333301,0.007333333333333414,0.0076666666666668215,0.002666666666666595,0.0,0.003349206349206324,25,13,462,343,339,4,6,5,6,4,0,0,True,6,4,490,7,5,10,6,484,10,6,11,4,485,12,5,9,0,491,9,0,2,0,498,2,0,0,0,500,0,0
bm25_1_dense_8_rrf_60_candidates_100_top_10,1.0,8.0,60,100,10,500,485,15,0.6373333333333328,0.8396666666666668,0.8893333333333336,0.9340000000000004,0.947,0.9623333333333334,0.7881277777777778,10,0.007999999999999896,0.005333333333333301,0.006666666666666821,0.0076666666666668215,0.002666666666666595,0.006000000000000005,0.0054182539682539055,25,10,465,343,341,2,6,5,5,4,0,0,True,6,2,492,7,3,10,6,484,10,6,9,4,487,10,5,9,0,491,9,0,2,0,498,2,0,5,1,494,5,1
bm25_1_dense_8_rrf_100_candidates_10_top_10,1.0,8.0,100,10,10,500,485,15,0.631333333333333,0.8390000000000002,0.8993333333333335,0.9263333333333336,0.942,0.942,0.7853373015873015,10,0.002000000000000113,0.004666666666666708,0.01666666666666672,0.0,-0.0023333333333334094,-0.01433333333333342,0.0026277777777776734,30,23,447,343,332,11,9,9,9,2,0,0,False,11,11,478,15,15,16,13,471,18,16,14,3,483,15,4,0,0,500,0,0,4,8,488,4,8,2,14,484,2,15
bm25_1_dense_8_rrf_100_candidates_20_top_10,1.0,8.0,100,20,10,500,485,15,0.6299999999999994,0.8330000000000001,0.9033333333333334,0.9313333333333336,0.9443333333333334,0.957,0.7838936507936507,10,0.0006666666666665932,-0.0013333333333334085,0.02066666666666661,0.0050000000000000044,0.0,0.0006666666666665932,0.0011841269841268431,29,18,453,343,336,7,6,9,10,2,0,1,False,8,7,485,10,9,10,9,481,11,11,18,4,478,20,6,9,2,489,9,2,0,0,500,0,0,4,4,492,4,4
bm25_1_dense_8_rrf_100_candidates_50_top_10,1.0,8.0,100,50,10,500,485,15,0.6359999999999995,0.8376666666666668,0.8870000000000002,0.930666666666667,0.9486666666666667,0.9563333333333334,0.786584126984127,10,0.006666666666666599,0.0033333333333332993,0.004333333333333411,0.004333333333333411,0.0043333333333333,0.0,0.0038746031746031973,28,13,459,343,339,4,6,6,6,6,0,2,False,8,4,488,9,5,10,7,483,10,7,11,6,483,12,7,10,2,488,10,2,4,0,496,4,0,0,0,500,0,0
bm25_1_dense_8_rrf_100_candidates_100_top_10,1.0,8.0,100,100,10,500,485,15,0.6379999999999995,0.8396666666666668,0.8880000000000002,0.9300000000000004,0.9486666666666667,0.9623333333333334,0.7883984126984127,10,0.0086666666666666,0.005333333333333301,0.005333333333333412,0.003666666666666818,0.0043333333333333,0.006000000000000005,0.0056888888888888545,29,11,460,343,340,3,6,5,6,5,1,3,True,8,3,489,9,4,10,6,484,10,6,10,5,485,11,6,10,3,487,10,3,4,0,496,4,0,5,1,494,5,1
bm25_1_dense_13_rrf_1_candidates_10_top_10,1.0,13.0,1,10,10,500,485,15,0.6293333333333329,0.8343333333333335,0.8866666666666668,0.9263333333333336,0.942,0.942,0.7828698412698413,10,0.0,0.0,0.0040000000000000036,0.0,-0.0023333333333334094,-0.01433333333333342,0.00016031746031741623,4,0,496,343,343,0,0,0,1,0,0,0,False,0,0,500,0,0,0,0,500,0,0,3,0,497,4,1,0,0,500,0,0,4,8,488,4,8,2,14,484,2,15
bm25_1_dense_13_rrf_1_candidates_20_top_10,1.0,13.0,1,20,10,500,485,15,0.6293333333333329,0.8343333333333335,0.8866666666666668,0.9326666666666671,0.9443333333333334,0.957,0.7828420634920635,10,0.0,0.0,0.0040000000000000036,0.006333333333333524,0.0,0.0006666666666665932,0.00013253968253967852,4,1,495,343,343,0,0,0,1,0,0,0,False,0,0,500,0,0,0,0,500,0,0,3,0,497,4,1,7,0,493,7,0,0,0,500,0,0,4,4,492,4,4
bm25_1_dense_13_rrf_1_candidates_50_top_10,1.0,13.0,1,50,10,500,485,15,0.6293333333333329,0.8343333333333335,0.8856666666666668,0.9326666666666671,0.9463333333333334,0.9573333333333334,0.7828420634920635,10,0.0,0.0,0.0030000000000000027,0.006333333333333524,0.0020000000000000018,0.0010000000000000009,0.00013253968253967852,4,1,495,343,343,0,0,0,1,0,0,0,False,0,0,500,0,0,0,0,500,0,0,2,0,498,3,1,7,0,493,7,0,1,0,499,1,0,1,0,499,1,0
bm25_1_dense_13_rrf_1_candidates_100_top_10,1.0,13.0,1,100,10,500,485,15,0.6293333333333329,0.8343333333333335,0.8856666666666668,0.9326666666666671,0.9473333333333334,0.9593333333333334,0.7828420634920635,10,0.0,0.0,0.0030000000000000027,0.006333333333333524,0.0030000000000000027,0.0030000000000000027,0.00013253968253967852,4,1,495,343,343,0,0,0,1,0,0,0,False,0,0,500,0,0,0,0,500,0,0,2,0,498,3,1,7,0,493,7,0,2,0,498,2,0,3,1,496,3,1
bm25_1_dense_13_rrf_5_candidates_10_top_10,1.0,13.0,5,10,10,500,485,15,0.6293333333333329,0.8343333333333335,0.8893333333333336,0.9263333333333336,0.942,0.942,0.7829722222222222,10,0.0,0.0,0.006666666666666821,0.0,-0.0023333333333334094,-0.01433333333333342,0.0002626984126983256,7,1,492,343,343,0,0,0,2,0,0,0,False,0,0,500,0,0,0,0,500,0,0,5,0,495,5,0,0,0,500,0,0,4,8,488,4,8,2,14,484,2,15
bm25_1_dense_13_rrf_5_candidates_20_top_10,1.0,13.0,5,20,10,500,485,15,0.6293333333333329,0.8343333333333335,0.8853333333333336,0.9326666666666671,0.9443333333333334,0.957,0.7828865079365079,10,0.0,0.0,0.002666666666666817,0.006333333333333524,0.0,0.0006666666666665932,0.00017698412698408106,5,0,495,343,343,0,0,0,0,0,0,0,False,0,0,500,0,0,0,0,500,0,0,3,0,497,3,0,7,0,493,7,0,0,0,500,0,0,4,4,492,4,4
bm25_1_dense_13_rrf_5_candidates_50_top_10,1.0,13.0,5,50,10,500,485,15,0.6293333333333329,0.8343333333333335,0.8836666666666668,0.9326666666666671,0.9463333333333334,0.9563333333333334,0.7828031746031746,10,0.0,0.0,0.0010000000000000009,0.006333333333333524,0.0020000000000000018,0.0,9.36507936507569e-05,3,0,497,343,343,0,0,0,0,0,0,0,False,0,0,500,0,0,0,0,500,0,0,1,0,499,1,0,7,0,493,7,0,1,0,499,1,0,0,0,500,0,0
bm25_1_dense_13_rrf_5_candidates_100_top_10,1.0,13.0,5,100,10,500,485,15,0.6293333333333329,0.8343333333333335,0.8836666666666668,0.9326666666666671,0.9463333333333334,0.9593333333333334,0.7828031746031746,10,0.0,0.0,0.0010000000000000009,0.006333333333333524,0.0020000000000000018,0.0030000000000000027,9.36507936507569e-05,3,0,497,343,343,0,0,0,0,0,0,0,False,0,0,500,0,0,0,0,500,0,0,1,0,499,1,0,7,0,493,7,0,1,0,499,1,0,3,1,496,3,1
bm25_1_dense_13_rrf_10_candidates_10_top_10,1.0,13.0,10,10,10,500,485,15,0.6293333333333329,0.8373333333333335,0.8893333333333336,0.9263333333333336,0.942,0.942,0.7837246031746032,10,0.0,0.0030000000000000027,0.006666666666666821,0.0,-0.0023333333333334094,-0.01433333333333342,0.0010150793650793855,14,4,482,343,343,0,1,0,2,0,0,0,False,0,0,500,0,0,2,0,498,2,0,5,0,495,5,0,0,0,500,0,0,4,8,488,4,8,2,14,484,2,15
bm25_1_dense_13_rrf_10_candidates_20_top_10,1.0,13.0,10,20,10,500,485,15,0.6293333333333329,0.8373333333333335,0.8853333333333336,0.9326666666666671,0.9443333333333334,0.957,0.7837507936507936,10,0.0,0.0030000000000000027,0.002666666666666817,0.006333333333333524,0.0,0.0006666666666665932,0.0010412698412697319,11,1,488,343,343,0,1,0,0,0,0,0,False,0,0,500,0,0,2,0,498,2,0,3,0,497,3,0,7,0,493,7,0,0,0,500,0,0,4,4,492,4,4
bm25_1_dense_13_rrf_10_candidates_50_top_10,1.0,13.0,10,50,10,500,485,15,0.6293333333333329,0.8343333333333335,0.8836666666666668,0.9326666666666671,0.9463333333333334,0.9563333333333334,0.7833722222222222,10,0.0,0.0,0.0010000000000000009,0.006333333333333524,0.0020000000000000018,0.0,0.0006626984126983926,7,0,493,343,343,0,0,0,0,0,0,0,False,0,0,500,0,0,0,0,500,0,0,1,0,499,1,0,7,0,493,7,0,1,0,499,1,0,0,0,500,0,0
bm25_1_dense_13_rrf_10_candidates_100_top_10,1.0,13.0,10,100,10,500,485,15,0.6293333333333329,0.8343333333333335,0.8836666666666668,0.9326666666666671,0.9463333333333334,0.9593333333333334,0.7832722222222223,10,0.0,0.0,0.0010000000000000009,0.006333333333333524,0.0020000000000000018,0.0030000000000000027,0.0005626984126984036,6,0,494,343,343,0,0,0,0,0,0,0,False,0,0,500,0,0,0,0,500,0,0,1,0,499,1,0,7,0,493,7,0,1,0,499,1,0,3,1,496,3,1
bm25_1_dense_13_rrf_20_candidates_10_top_10,1.0,13.0,20,10,10,500,485,15,0.6349999999999995,0.8403333333333335,0.8923333333333336,0.9263333333333336,0.942,0.942,0.7883388888888888,10,0.005666666666666598,0.006000000000000005,0.009666666666666823,0.0,-0.0023333333333334094,-0.01433333333333342,0.005629365079364956,23,9,468,343,341,2,2,0,4,1,0,0,False,6,2,492,8,4,4,0,496,4,0,8,1,491,8,1,0,0,500,0,0,4,8,488,4,8,2,14,484,2,15
bm25_1_dense_13_rrf_20_candidates_20_top_10,1.0,13.0,20,20,10,500,485,15,0.6273333333333329,0.8416666666666668,0.8943333333333336,0.9326666666666671,0.9443333333333334,0.957,0.7838039682539683,10,-0.0020000000000000018,0.007333333333333303,0.011666666666666825,0.006333333333333524,0.0,0.0006666666666665932,0.001094444444444398,20,6,474,343,340,3,3,0,4,0,0,0,False,2,3,495,2,3,5,1,494,5,1,8,0,492,8,0,7,0,493,7,0,0,0,500,0,0,4,4,492,4,4
bm25_1_dense_13_rrf_20_candidates_50_top_10,1.0,13.0,20,50,10,500,485,15,0.6313333333333329,0.8403333333333335,0.8883333333333336,0.9326666666666671,0.9463333333333334,0.9563333333333334,0.7856873015873016,10,0.0020000000000000018,0.006000000000000005,0.00566666666666682,0.006333333333333524,0.0020000000000000018,0.0,0.002977777777777746,18,2,480,343,343,0,3,0,1,0,0,0,False,1,0,499,1,0,3,0,497,3,0,5,0,495,5,0,7,0,493,7,0,1,0,499,1,0,0,0,500,0,0
bm25_1_dense_13_rrf_20_candidates_100_top_10,1.0,13.0,20,100,10,500,485,15,0.6313333333333329,0.8383333333333335,0.8853333333333336,0.9326666666666671,0.9463333333333334,0.9593333333333334,0.7853539682539682,10,0.0020000000000000018,0.0040000000000000036,0.002666666666666817,0.006333333333333524,0.0020000000000000018,0.0030000000000000027,0.0026444444444443382,15,2,483,343,343,0,2,0,0,0,0,0,False,1,0,499,1,0,2,0,498,2,0,3,0,497,3,0,7,0,493,7,0,1,0,499,1,0,3,1,496,3,1
bm25_1_dense_13_rrf_40_candidates_10_top_10,1.0,13.0,40,10,10,500,485,15,0.6366666666666662,0.8410000000000001,0.8953333333333336,0.9263333333333336,0.942,0.942,0.78995,10,0.007333333333333303,0.006666666666666599,0.012666666666666826,0.0,-0.0023333333333334094,-0.01433333333333342,0.007240476190476186,29,14,457,343,338,5,5,2,6,2,0,0,False,9,5,486,12,8,9,4,487,11,6,11,2,487,11,2,0,0,500,0,0,4,8,488,4,8,2,14,484,2,15
bm25_1_dense_13_rrf_40_candidates_20_top_10,1.0,13.0,40,20,10,500,485,15,0.6293333333333329,0.8436666666666668,0.9010000000000002,0.9326666666666671,0.9443333333333334,0.957,0.7850880952380952,10,0.0,0.009333333333333305,0.018333333333333424,0.006333333333333524,0.0,0.0006666666666665932,0.002378571428571341,26,9,465,343,340,3,5,2,7,0,0,0,True,3,3,494,4,4,9,3,488,9,3,12,0,488,12,0,7,0,493,7,0,0,0,500,0,0,4,4,492,4,4
bm25_1_dense_13_rrf_40_candidates_50_top_10,1.0,13.0,40,50,10,500,485,15,0.6293333333333329,0.8393333333333335,0.8923333333333336,0.9333333333333337,0.947,0.9563333333333334,0.7846206349206348,10,0.0,0.0050000000000000044,0.009666666666666823,0.007000000000000117,0.002666666666666595,0.0,0.0019111111111109746,22,8,470,343,341,2,5,4,3,0,0,0,False,2,2,496,2,2,8,4,488,8,4,7,0,493,7,0,8,0,492,8,0,2,0,498,2,0,0,0,500,0,0
bm25_1_dense_13_rrf_40_candidates_100_top_10,1.0,13.0,40,100,10,500,485,15,0.6293333333333329,0.8393333333333335,0.8893333333333336,0.9333333333333337,0.947,0.9593333333333334,0.7844873015873015,10,0.0,0.0050000000000000044,0.006666666666666821,0.007000000000000117,0.002666666666666595,0.0030000000000000027,0.001777777777777656,21,7,472,343,341,2,4,3,2,1,0,0,False,2,2,496,2,2,7,3,490,7,3,6,1,493,6,1,8,0,492,8,0,2,0,498,2,0,3,1,496,3,1
bm25_1_dense_13_rrf_60_candidates_10_top_10,1.0,13.0,60,10,10,500,485,15,0.6359999999999996,0.8400000000000001,0.8973333333333335,0.9263333333333336,0.942,0.942,0.7888650793650794,10,0.00666666666666671,0.005666666666666598,0.014666666666666717,0.0,-0.0023333333333334094,-0.01433333333333342,0.006155555555555581,30,19,451,343,336,7,7,5,8,2,0,0,True,10,7,483,14,11,14,9,477,16,11,13,3,484,13,3,0,0,500,0,0,4,8,488,4,8,2,14,484,2,15
bm25_1_dense_13_rrf_60_candidates_20_top_10,1.0,13.0,60,20,10,500,485,15,0.6273333333333329,0.8416666666666668,0.9030000000000001,0.9333333333333337,0.9443333333333334,0.957,0.7841603174603176,10,-0.0020000000000000018,0.007333333333333303,0.020333333333333314,0.007000000000000117,0.0,0.0006666666666665932,0.0014507936507937025,26,15,459,343,338,5,6,4,9,0,0,0,False,4,5,491,5,6,10,5,485,10,5,14,1,485,14,1,8,0,492,8,0,0,0,500,0,0,4,4,492,4,4
bm25_1_dense_13_rrf_60_candidates_50_top_10,1.0,13.0,60,50,10,500,485,15,0.6293333333333329,0.8393333333333335,0.8870000000000002,0.9333333333333337,0.947,0.9563333333333334,0.7842444444444444,10,0.0,0.0050000000000000044,0.004333333333333411,0.007000000000000117,0.002666666666666595,0.0,0.0015349206349205557,22,11,467,343,340,3,6,5,4,3,0,0,False,3,3,494,3,3,9,5,486,9,5,8,3,489,8,3,8,0,492,8,0,2,0,498,2,0,0,0,500,0,0
bm25_1_dense_13_rrf_60_candidates_100_top_10,1.0,13.0,60,100,10,500,485,15,0.6313333333333329,0.8393333333333335,0.8893333333333336,0.9333333333333337,0.947,0.9593333333333334,0.7851063492063493,10,0.0020000000000000018,0.0050000000000000044,0.006666666666666821,0.007000000000000117,0.002666666666666595,0.0030000000000000027,0.002396825396825397,21,8,471,343,341,2,5,4,3,2,0,0,False,3,2,495,3,2,8,4,488,8,4,7,2,491,7,2,8,0,492,8,0,2,0,498,2,0,3,1,496,3,1
bm25_1_dense_13_rrf_100_candidates_10_top_10,1.0,13.0,100,10,10,500,485,15,0.633333333333333,0.8406666666666669,0.8993333333333335,0.9263333333333336,0.942,0.942,0.786170634920635,10,0.004000000000000115,0.006333333333333413,0.01666666666666672,0.0,-0.0023333333333334094,-0.01433333333333342,0.003461111111111137,30,22,448,343,333,10,9,8,9,2,0,0,False,11,10,479,15,14,16,11,473,18,14,14,3,483,15,4,0,0,500,0,0,4,8,488,4,8,2,14,484,2,15
bm25_1_dense_13_rrf_100_candidates_20_top_10,1.0,13.0,100,20,10,500,485,15,0.6273333333333329,0.8376666666666668,0.9070000000000003,0.9313333333333336,0.9443333333333334,0.957,0.783315873015873,10,-0.0020000000000000018,0.0033333333333332993,0.02433333333333343,0.0050000000000000044,0.0,0.0006666666666665932,0.000606349206349166,26,16,458,343,337,6,6,6,10,0,0,1,False,5,6,489,6,7,10,7,483,11,8,17,1,482,18,2,9,2,489,9,2,0,0,500,0,0,4,4,492,4,4
bm25_1_dense_13_rrf_100_candidates_50_top_10,1.0,13.0,100,50,10,500,485,15,0.6313333333333329,0.8396666666666668,0.8870000000000002,0.9340000000000004,0.947,0.9563333333333334,0.7851698412698414,10,0.0020000000000000018,0.005333333333333301,0.004333333333333411,0.0076666666666668215,0.002666666666666595,0.0,0.002460317460317496,22,12,466,343,339,4,6,5,5,4,0,0,False,5,4,491,5,4,10,6,484,10,6,9,4,487,9,4,9,0,491,9,0,2,0,498,2,0,0,0,500,0,0
bm25_1_dense_13_rrf_100_candidates_100_top_10,1.0,13.0,100,100,10,500,485,15,0.6353333333333328,0.8376666666666668,0.8873333333333336,0.9340000000000004,0.947,0.9613333333333334,0.7867309523809525,10,0.005999999999999894,0.0033333333333332993,0.004666666666666819,0.0076666666666668215,0.002666666666666595,0.0050000000000000044,0.00402142857142862,21,9,470,343,341,2,5,5,4,4,0,0,False,5,2,493,5,2,9,6,485,9,6,8,4,488,8,4,9,0,491,9,0,2,0,498,2,0,4,1,495,4,1
bm25_1_dense_21_rrf_1_candidates_10_top_10,1.0,21.0,1,10,10,500,485,15,0.6293333333333329,0.8343333333333335,0.8846666666666668,0.9263333333333336,0.942,0.942,0.7827984126984127,10,0.0,0.0,0.0020000000000000018,0.0,-0.0023333333333334094,-0.01433333333333342,8.888888888880508e-05,2,0,498,343,343,0,0,0,1,0,0,0,False,0,0,500,0,0,0,0,500,0,0,1,0,499,1,0,0,0,500,0,0,4,8,488,4,8,2,14,484,2,15
bm25_1_dense_21_rrf_1_candidates_20_top_10,1.0,21.0,1,20,10,500,485,15,0.6293333333333329,0.8343333333333335,0.8826666666666668,0.9320000000000004,0.9443333333333334,0.957,0.7827317460317461,10,0.0,0.0,0.0,0.00566666666666682,0.0,0.0006666666666665932,2.2222222222256782e-05,1,0,499,343,343,0,0,0,0,0,0,0,False,0,0,500,0,0,0,0,500,0,0,0,0,500,0,0,6,0,494,6,0,0,0,500,0,0,4,4,492,4,4
bm25_1_dense_21_rrf_1_candidates_50_top_10,1.0,21.0,1,50,10,500,485,15,0.6293333333333329,0.8343333333333335,0.8826666666666668,0.9320000000000004,0.9463333333333334,0.9573333333333334,0.7827317460317461,10,0.0,0.0,0.0,0.00566666666666682,0.0020000000000000018,0.0010000000000000009,2.2222222222256782e-05,1,0,499,343,343,0,0,0,0,0,0,0,False,0,0,500,0,0,0,0,500,0,0,0,0,500,0,0,6,0,494,6,0,1,0,499,1,0,1,0,499,1,0
bm25_1_dense_21_rrf_1_candidates_100_top_10,1.0,21.0,1,100,10,500,485,15,0.6293333333333329,0.8343333333333335,0.8826666666666668,0.9320000000000004,0.9463333333333334,0.9603333333333334,0.7827317460317461,10,0.0,0.0,0.0,0.00566666666666682,0.0020000000000000018,0.0040000000000000036,2.2222222222256782e-05,1,0,499,343,343,0,0,0,0,0,0,0,False,0,0,500,0,0,0,0,500,0,0,0,0,500,0,0,6,0,494,6,0,1,0,499,1,0,3,0,497,3,0
bm25_1_dense_21_rrf_5_candidates_10_top_10,1.0,21.0,5,10,10,500,485,15,0.6293333333333329,0.8343333333333335,0.8826666666666668,0.9263333333333336,0.942,0.942,0.7827317460317461,10,0.0,0.0,0.0,0.0,-0.0023333333333334094,-0.01433333333333342,2.2222222222256782e-05,1,0,499,343,343,0,0,0,0,0,0,0,False,0,0,500,0,0,0,0,500,0,0,0,0,500,0,0,0,0,500,0,0,4,8,488,4,8,2,14,484,2,15
bm25_1_dense_21_rrf_5_candidates_20_top_10,1.0,21.0,5,20,10,500,485,15,0.6293333333333329,0.8343333333333335,0.8826666666666668,0.9300000000000004,0.9443333333333334,0.957,0.7827317460317461,10,0.0,0.0,0.0,0.003666666666666818,0.0,0.0006666666666665932,2.2222222222256782e-05,1,0,499,343,343,0,0,0,0,0,0,0,False,0,0,500,0,0,0,0,500,0,0,0,0,500,0,0,4,0,496,4,0,0,0,500,0,0,4,4,492,4,4
bm25_1_dense_21_rrf_5_candidates_50_top_10,1.0,21.0,5,50,10,500,485,15,0.6293333333333329,0.8343333333333335,0.8826666666666668,0.9290000000000004,0.9463333333333334,0.9563333333333334,0.7827095238095239,10,0.0,0.0,0.0,0.002666666666666817,0.0020000000000000018,0.0,0.0,0,0,500,343,343,0,0,0,0,0,0,0,False,0,0,500,0,0,0,0,500,0,0,0,0,500,0,0,3,0,497,3,0,1,0,499,1,0,0,0,500,0,0
bm25_1_dense_21_rrf_5_candidates_100_top_10,1.0,21.0,5,100,10,500,485,15,0.6293333333333329,0.8343333333333335,0.8826666666666668,0.9290000000000004,0.9463333333333334,0.9603333333333334,0.7827095238095239,10,0.0,0.0,0.0,0.002666666666666817,0.0020000000000000018,0.0040000000000000036,0.0,0,0,500,343,343,0,0,0,0,0,0,0,False,0,0,500,0,0,0,0,500,0,0,0,0,500,0,0,3,0,497,3,0,1,0,499,1,0,3,0,497,3,0
bm25_1_dense_21_rrf_10_candidates_10_top_10,1.0,21.0,10,10,10,500,485,15,0.6293333333333329,0.8343333333333335,0.8856666666666668,0.9263333333333336,0.942,0.942,0.7828698412698413,10,0.0,0.0,0.0030000000000000027,0.0,-0.0023333333333334094,-0.01433333333333342,0.00016031746031741623,4,0,496,343,343,0,0,0,1,0,0,0,False,0,0,500,0,0,0,0,500,0,0,2,0,498,2,0,0,0,500,0,0,4,8,488,4,8,2,14,484,2,15
bm25_1_dense_21_rrf_10_candidates_20_top_10,1.0,21.0,10,20,10,500,485,15,0.6293333333333329,0.8343333333333335,0.8836666666666668,0.9290000000000004,0.9443333333333334,0.957,0.7828031746031746,10,0.0,0.0,0.0010000000000000009,0.002666666666666817,0.0,0.0006666666666665932,9.36507936507569e-05,3,0,497,343,343,0,0,0,0,0,0,0,False,0,0,500,0,0,0,0,500,0,0,1,0,499,1,0,3,0,497,3,0,0,0,500,0,0,4,4,492,4,4
bm25_1_dense_21_rrf_10_candidates_50_top_10,1.0,21.0,10,50,10,500,485,15,0.6293333333333329,0.8343333333333335,0.8826666666666668,0.9290000000000004,0.9443333333333334,0.9563333333333334,0.7827452380952381,10,0.0,0.0,0.0,0.002666666666666817,0.0,0.0,3.571428571425006e-05,1,0,499,343,343,0,0,0,0,0,0,0,False,0,0,500,0,0,0,0,500,0,0,0,0,500,0,0,3,0,497,3,0,0,0,500,0,0,0,0,500,0,0
bm25_1_dense_21_rrf_10_candidates_100_top_10,1.0,21.0,10,100,10,500,485,15,0.6293333333333329,0.8343333333333335,0.8826666666666668,0.9290000000000004,0.9443333333333334,0.9603333333333334,0.7827452380952381,10,0.0,0.0,0.0,0.002666666666666817,0.0,0.0040000000000000036,3.571428571425006e-05,1,0,499,343,343,0,0,0,0,0,0,0,False,0,0,500,0,0,0,0,500,0,0,0,0,500,0,0,3,0,497,3,0,0,0,500,0,0,3,0,497,3,0
bm25_1_dense_21_rrf_20_candidates_10_top_10,1.0,21.0,20,10,10,500,485,15,0.6333333333333327,0.8373333333333335,0.8893333333333336,0.9263333333333336,0.942,0.942,0.7860579365079364,10,0.0039999999999998925,0.0030000000000000027,0.006666666666666821,0.0,-0.0023333333333334094,-0.01433333333333342,0.003348412698412573,19,6,475,343,342,1,1,0,2,0,0,0,False,3,1,496,3,1,2,0,498,2,0,5,0,495,5,0,0,0,500,0,0,4,8,488,4,8,2,14,484,2,15
bm25_1_dense_21_rrf_20_candidates_20_top_10,1.0,21.0,20,20,10,500,485,15,0.6313333333333329,0.8373333333333335,0.8853333333333336,0.9300000000000004,0.9443333333333334,0.957,0.785084126984127,10,0.0020000000000000018,0.0030000000000000027,0.002666666666666817,0.003666666666666818,0.0,0.0006666666666665932,0.0023746031746031404,15,3,482,343,342,1,1,0,0,0,0,0,False,2,1,497,2,1,2,0,498,2,0,3,0,497,3,0,4,0,496,4,0,0,0,500,0,0,4,4,492,4,4
bm25_1_dense_21_rrf_20_candidates_50_top_10,1.0,21.0,20,50,10,500,485,15,0.6313333333333329,0.8343333333333335,0.8826666666666668,0.9290000000000004,0.9443333333333334,0.9563333333333334,0.7843007936507936,10,0.0020000000000000018,0.0,0.0,0.002666666666666817,0.0,0.0,0.0015912698412697823,7,1,492,343,343,0,0,0,0,0,0,0,False,1,0,499,1,0,0,0,500,0,0,0,0,500,0,0,3,0,497,3,0,0,0,500,0,0,0,0,500,0,0
bm25_1_dense_21_rrf_20_candidates_100_top_10,1.0,21.0,20,100,10,500,485,15,0.6293333333333329,0.8343333333333335,0.8826666666666668,0.9290000000000004,0.9443333333333334,0.9583333333333334,0.7832007936507936,10,0.0,0.0,0.0,0.002666666666666817,0.0,0.0020000000000000018,0.0004912698412697925,5,1,494,343,343,0,0,0,0,0,0,0,False,0,0,500,0,0,0,0,500,0,0,0,0,500,0,0,3,0,497,3,0,0,0,500,0,0,2,1,497,2,1
bm25_1_dense_21_rrf_40_candidates_10_top_10,1.0,21.0,40,10,10,500,485,15,0.6379999999999995,0.8403333333333335,0.8923333333333336,0.9263333333333336,0.942,0.942,0.7908388888888889,10,0.0086666666666666,0.006000000000000005,0.009666666666666823,0.0,-0.0023333333333334094,-0.01433333333333342,0.008129365079365014,25,10,465,343,341,2,4,1,4,1,0,0,False,8,2,490,10,4,6,1,493,6,1,8,1,491,8,1,0,0,500,0,0,4,8,488,4,8,2,14,484,2,15
bm25_1_dense_21_rrf_40_candidates_20_top_10,1.0,21.0,40,20,10,500,485,15,0.6273333333333329,0.8396666666666668,0.8933333333333336,0.9326666666666671,0.9443333333333334,0.957,0.7836650793650793,10,-0.0020000000000000018,0.005333333333333301,0.010666666666666824,0.006333333333333524,0.0,0.0006666666666665932,0.0009555555555554873,21,6,473,343,340,3,3,1,4,0,0,0,False,2,3,495,3,4,5,2,493,5,2,7,0,493,7,0,7,0,493,7,0,0,0,500,0,0,4,4,492,4,4
bm25_1_dense_21_rrf_40_candidates_50_top_10,1.0,21.0,40,50,10,500,485,15,0.6293333333333329,0.8303333333333335,0.8856666666666668,0.9306666666666671,0.9463333333333334,0.9563333333333334,0.7830150793650794,10,0.0,-0.0040000000000000036,0.0030000000000000027,0.004333333333333522,0.0020000000000000018,0.0,0.0003055555555555589,14,5,481,343,342,1,2,4,1,0,0,0,False,1,1,498,1,1,2,4,494,2,4,2,0,498,2,0,5,0,495,5,0,1,0,499,1,0,0,0,500,0,0
bm25_1_dense_21_rrf_40_candidates_100_top_10,1.0,21.0,40,100,10,500,485,15,0.6293333333333329,0.8303333333333335,0.8836666666666668,0.9306666666666671,0.9463333333333334,0.9583333333333334,0.7829484126984126,10,0.0,-0.0040000000000000036,0.0010000000000000009,0.004333333333333522,0.0020000000000000018,0.0020000000000000018,0.00023888888888878856,12,4,484,343,342,1,1,3,0,0,0,0,False,1,1,498,1,1,1,3,496,1,3,1,0,499,1,0,5,0,495,5,0,1,0,499,1,0,2,1,497,2,1
bm25_1_dense_21_rrf_60_candidates_10_top_10,1.0,21.0,60,10,10,500,485,15,0.6366666666666662,0.8430000000000001,0.8953333333333336,0.9263333333333336,0.942,0.942,0.7894976190476191,10,0.007333333333333303,0.0086666666666666,0.012666666666666826,0.0,-0.0023333333333334094,-0.01433333333333342,0.006788095238095204,29,14,457,343,338,5,5,1,6,2,0,0,False,9,5,486,12,8,9,3,488,10,4,11,2,487,11,2,0,0,500,0,0,4,8,488,4,8,2,14,484,2,15
bm25_1_dense_21_rrf_60_candidates_20_top_10,1.0,21.0,60,20,10,500,485,15,0.6293333333333329,0.8456666666666668,0.8980000000000002,0.9326666666666671,0.9443333333333334,0.957,0.7848547619047619,10,0.0,0.011333333333333306,0.015333333333333421,0.006333333333333524,0.0,0.0006666666666665932,0.0021452380952380334,24,9,467,343,340,3,5,1,6,0,0,0,True,3,3,494,4,4,9,2,489,9,2,10,0,490,10,0,7,0,493,7,0,0,0,500,0,0,4,4,492,4,4
bm25_1_dense_21_rrf_60_candidates_50_top_10,1.0,21.0,60,50,10,500,485,15,0.6293333333333329,0.8363333333333335,0.8856666666666668,0.9313333333333337,0.947,0.9563333333333334,0.7839873015873016,10,0.0,0.0020000000000000018,0.0030000000000000027,0.0050000000000001155,0.002666666666666595,0.0,0.001277777777777711,18,8,474,343,342,1,4,4,2,1,0,0,False,1,1,498,1,1,6,4,490,6,4,3,1,496,3,1,6,0,494,6,0,2,0,498,2,0,0,0,500,0,0
bm25_1_dense_21_rrf_60_candidates_100_top_10,1.0,21.0,60,100,10,500,485,15,0.6293333333333329,0.8353333333333335,0.8846666666666668,0.9313333333333337,0.947,0.9583333333333334,0.7839206349206349,10,0.0,0.0010000000000000009,0.0020000000000000018,0.0050000000000001155,0.002666666666666595,0.0020000000000000018,0.0012111111111110517,17,6,477,343,342,1,3,3,1,1,0,0,False,1,1,498,1,1,4,3,493,4,3,2,1,497,2,1,6,0,494,6,0,2,0,498,2,0,2,1,497,2,1
bm25_1_dense_21_rrf_100_candidates_10_top_10,1.0,21.0,100,10,10,500,485,15,0.6359999999999996,0.8400000000000001,0.8973333333333335,0.9263333333333336,0.942,0.942,0.7888650793650794,10,0.00666666666666671,0.005666666666666598,0.014666666666666717,0.0,-0.0023333333333334094,-0.01433333333333342,0.006155555555555581,30,19,451,343,336,7,7,5,8,2,0,0,True,10,7,483,14,11,14,9,477,16,11,13,3,484,13,3,0,0,500,0,0,4,8,488,4,8,2,14,484,2,15
bm25_1_dense_21_rrf_100_candidates_20_top_10,1.0,21.0,100,20,10,500,485,15,0.6273333333333329,0.8416666666666668,0.9000000000000001,0.9333333333333337,0.9443333333333334,0.957,0.7841412698412699,10,-0.0020000000000000018,0.007333333333333303,0.01733333333333331,0.007000000000000117,0.0,0.0006666666666665932,0.0014317460317460062,24,14,462,343,338,5,6,4,8,0,0,0,False,4,5,491,5,6,10,5,485,10,5,12,1,487,12,1,8,0,492,8,0,0,0,500,0,0,4,4,492,4,4
bm25_1_dense_21_rrf_100_candidates_50_top_10,1.0,21.0,100,50,10,500,485,15,0.6273333333333329,0.8383333333333335,0.8830000000000002,0.9323333333333337,0.947,0.9563333333333334,0.7832031746031746,10,-0.0020000000000000018,0.0040000000000000036,0.00033333333333340764,0.006000000000000116,0.002666666666666595,0.0,0.0004936507936507128,19,10,471,343,340,3,6,5,3,3,0,0,False,2,3,495,2,3,8,5,487,8,5,5,3,492,5,3,7,0,493,7,0,2,0,498,2,0,0,0,500,0,0
bm25_1_dense_21_rrf_100_candidates_100_top_10,1.0,21.0,100,100,10,500,485,15,0.6293333333333329,0.8383333333333335,0.8833333333333336,0.9323333333333337,0.947,0.9583333333333334,0.7835650793650794,10,0.0,0.0040000000000000036,0.0006666666666668153,0.006000000000000116,0.002666666666666595,0.0020000000000000018,0.0008555555555554983,18,7,475,343,341,2,5,4,1,2,0,0,False,2,2,496,2,2,7,4,489,7,4,3,2,495,3,2,7,0,493,7,0,2,0,498,2,0,2,1,497,2,1
bm25_1_dense_34_rrf_1_candidates_10_top_10,1.0,34.0,1,10,10,500,485,15,0.6293333333333329,0.8343333333333335,0.8826666666666668,0.9263333333333336,0.942,0.942,0.7827095238095239,10,0.0,0.0,0.0,0.0,-0.0023333333333334094,-0.01433333333333342,0.0,0,0,500,343,343,0,0,0,0,0,0,0,False,0,0,500,0,0,0,0,500,0,0,0,0,500,0,0,0,0,500,0,0,4,8,488,4,8,2,14,484,2,15
bm25_1_dense_34_rrf_1_candidates_20_top_10,1.0,34.0,1,20,10,500,485,15,0.6293333333333329,0.8343333333333335,0.8826666666666668,0.9293333333333336,0.9443333333333334,0.957,0.7827095238095239,10,0.0,0.0,0.0,0.0030000000000000027,0.0,0.0006666666666665932,0.0,0,0,500,343,343,0,0,0,0,0,0,0,False,0,0,500,0,0,0,0,500,0,0,0,0,500,0,0,3,0,497,3,0,0,0,500,0,0,4,4,492,4,4
bm25_1_dense_34_rrf_1_candidates_50_top_10,1.0,34.0,1,50,10,500,485,15,0.6293333333333329,0.8343333333333335,0.8826666666666668,0.9293333333333336,0.9443333333333334,0.9563333333333334,0.7827095238095239,10,0.0,0.0,0.0,0.0030000000000000027,0.0,0.0,0.0,0,0,500,343,343,0,0,0,0,0,0,0,False,0,0,500,0,0,0,0,500,0,0,0,0,500,0,0,3,0,497,3,0,0,0,500,0,0,0,0,500,0,0
bm25_1_dense_34_rrf_1_candidates_100_top_10,1.0,34.0,1,100,10,500,485,15,0.6293333333333329,0.8343333333333335,0.8826666666666668,0.9293333333333336,0.9443333333333334,0.9603333333333334,0.7827095238095239,10,0.0,0.0,0.0,0.0030000000000000027,0.0,0.0040000000000000036,0.0,0,0,500,343,343,0,0,0,0,0,0,0,False,0,0,500,0,0,0,0,500,0,0,0,0,500,0,0,3,0,497,3,0,0,0,500,0,0,3,0,497,3,0
bm25_1_dense_34_rrf_5_candidates_10_top_10,1.0,34.0,5,10,10,500,485,15,0.6293333333333329,0.8343333333333335,0.8826666666666668,0.9263333333333336,0.942,0.942,0.7827095238095239,10,0.0,0.0,0.0,0.0,-0.0023333333333334094,-0.01433333333333342,0.0,0,0,500,343,343,0,0,0,0,0,0,0,False,0,0,500,0,0,0,0,500,0,0,0,0,500,0,0,0,0,500,0,0,4,8,488,4,8,2,14,484,2,15
bm25_1_dense_34_rrf_5_candidates_20_top_10,1.0,34.0,5,20,10,500,485,15,0.6293333333333329,0.8343333333333335,0.8826666666666668,0.9283333333333336,0.9443333333333334,0.957,0.7827095238095239,10,0.0,0.0,0.0,0.0020000000000000018,0.0,0.0006666666666665932,0.0,0,0,500,343,343,0,0,0,0,0,0,0,False,0,0,500,0,0,0,0,500,0,0,0,0,500,0,0,2,0,498,2,0,0,0,500,0,0,4,4,492,4,4
bm25_1_dense_34_rrf_5_candidates_50_top_10,1.0,34.0,5,50,10,500,485,15,0.6293333333333329,0.8343333333333335,0.8826666666666668,0.9273333333333336,0.9443333333333334,0.9563333333333334,0.7827095238095239,10,0.0,0.0,0.0,0.0010000000000000009,0.0,0.0,0.0,0,0,500,343,343,0,0,0,0,0,0,0,False,0,0,500,0,0,0,0,500,0,0,0,0,500,0,0,1,0,499,1,0,0,0,500,0,0,0,0,500,0,0
bm25_1_dense_34_rrf_5_candidates_100_top_10,1.0,34.0,5,100,10,500,485,15,0.6293333333333329,0.8343333333333335,0.8826666666666668,0.9273333333333336,0.9443333333333334,0.9603333333333334,0.7827095238095239,10,0.0,0.0,0.0,0.0010000000000000009,0.0,0.0040000000000000036,0.0,0,0,500,343,343,0,0,0,0,0,0,0,False,0,0,500,0,0,0,0,500,0,0,0,0,500,0,0,1,0,499,1,0,0,0,500,0,0,3,0,497,3,0
bm25_1_dense_34_rrf_10_candidates_10_top_10,1.0,34.0,10,10,10,500,485,15,0.6293333333333329,0.8343333333333335,0.8826666666666668,0.9263333333333336,0.942,0.942,0.7827095238095239,10,0.0,0.0,0.0,0.0,-0.0023333333333334094,-0.01433333333333342,0.0,0,0,500,343,343,0,0,0,0,0,0,0,False,0,0,500,0,0,0,0,500,0,0,0,0,500,0,0,0,0,500,0,0,4,8,488,4,8,2,14,484,2,15
bm25_1_dense_34_rrf_10_candidates_20_top_10,1.0,34.0,10,20,10,500,485,15,0.6293333333333329,0.8343333333333335,0.8826666666666668,0.9283333333333336,0.9443333333333334,0.957,0.7827095238095239,10,0.0,0.0,0.0,0.0020000000000000018,0.0,0.0006666666666665932,0.0,0,0,500,343,343,0,0,0,0,0,0,0,False,0,0,500,0,0,0,0,500,0,0,0,0,500,0,0,2,0,498,2,0,0,0,500,0,0,4,4,492,4,4
bm25_1_dense_34_rrf_10_candidates_50_top_10,1.0,34.0,10,50,10,500,485,15,0.6293333333333329,0.8343333333333335,0.8826666666666668,0.9273333333333336,0.9443333333333334,0.9563333333333334,0.7827095238095239,10,0.0,0.0,0.0,0.0010000000000000009,0.0,0.0,0.0,0,0,500,343,343,0,0,0,0,0,0,0,False,0,0,500,0,0,0,0,500,0,0,0,0,500,0,0,1,0,499,1,0,0,0,500,0,0,0,0,500,0,0
bm25_1_dense_34_rrf_10_candidates_100_top_10,1.0,34.0,10,100,10,500,485,15,0.6293333333333329,0.8343333333333335,0.8826666666666668,0.9273333333333336,0.9443333333333334,0.9593333333333334,0.7827095238095239,10,0.0,0.0,0.0,0.0010000000000000009,0.0,0.0030000000000000027,0.0,0,0,500,343,343,0,0,0,0,0,0,0,False,0,0,500,0,0,0,0,500,0,0,0,0,500,0,0,1,0,499,1,0,0,0,500,0,0,2,0,498,2,0
bm25_1_dense_34_rrf_20_candidates_10_top_10,1.0,34.0,20,10,10,500,485,15,0.6293333333333329,0.8343333333333335,0.8826666666666668,0.9263333333333336,0.942,0.942,0.7827317460317461,10,0.0,0.0,0.0,0.0,-0.0023333333333334094,-0.01433333333333342,2.2222222222256782e-05,1,0,499,343,343,0,0,0,0,0,0,0,False,0,0,500,0,0,0,0,500,0,0,0,0,500,0,0,0,0,500,0,0,4,8,488,4,8,2,14,484,2,15
bm25_1_dense_34_rrf_20_candidates_20_top_10,1.0,34.0,20,20,10,500,485,15,0.6293333333333329,0.8343333333333335,0.8826666666666668,0.9290000000000004,0.9443333333333334,0.957,0.7827317460317461,10,0.0,0.0,0.0,0.002666666666666817,0.0,0.0006666666666665932,2.2222222222256782e-05,1,0,499,343,343,0,0,0,0,0,0,0,False,0,0,500,0,0,0,0,500,0,0,0,0,500,0,0,3,0,497,3,0,0,0,500,0,0,4,4,492,4,4
bm25_1_dense_34_rrf_20_candidates_50_top_10,1.0,34.0,20,50,10,500,485,15,0.6293333333333329,0.8343333333333335,0.8826666666666668,0.9280000000000004,0.9443333333333334,0.9563333333333334,0.7827095238095239,10,0.0,0.0,0.0,0.0016666666666668162,0.0,0.0,0.0,0,0,500,343,343,0,0,0,0,0,0,0,False,0,0,500,0,0,0,0,500,0,0,0,0,500,0,0,2,0,498,2,0,0,0,500,0,0,0,0,500,0,0
bm25_1_dense_34_rrf_20_candidates_100_top_10,1.0,34.0,20,100,10,500,485,15,0.6293333333333329,0.8343333333333335,0.8826666666666668,0.9280000000000004,0.9443333333333334,0.9593333333333334,0.7827095238095239,10,0.0,0.0,0.0,0.0016666666666668162,0.0,0.0030000000000000027,0.0,0,0,500,343,343,0,0,0,0,0,0,0,False,0,0,500,0,0,0,0,500,0,0,0,0,500,0,0,2,0,498,2,0,0,0,500,0,0,2,0,498,2,0
bm25_1_dense_34_rrf_40_candidates_10_top_10,1.0,34.0,40,10,10,500,485,15,0.6349999999999995,0.8373333333333335,0.8893333333333336,0.9263333333333336,0.942,0.942,0.7879579365079366,10,0.005666666666666598,0.0030000000000000027,0.006666666666666821,0.0,-0.0023333333333334094,-0.01433333333333342,0.005248412698412697,22,8,470,343,341,2,1,0,2,0,0,0,False,6,2,492,8,4,2,0,498,2,0,5,0,495,5,0,0,0,500,0,0,4,8,488,4,8,2,14,484,2,15
bm25_1_dense_34_rrf_40_candidates_20_top_10,1.0,34.0,40,20,10,500,485,15,0.6313333333333329,0.8373333333333335,0.8873333333333336,0.9290000000000004,0.9443333333333334,0.957,0.7852507936507936,10,0.0020000000000000018,0.0030000000000000027,0.004666666666666819,0.002666666666666817,0.0,0.0006666666666665932,0.0025412698412697887,17,3,480,343,342,1,1,0,1,0,0,0,False,2,1,497,2,1,2,0,498,2,0,4,0,496,4,0,3,0,497,3,0,0,0,500,0,0,4,4,492,4,4
bm25_1_dense_34_rrf_40_candidates_50_top_10,1.0,34.0,40,50,10,500,485,15,0.6313333333333329,0.8343333333333335,0.8826666666666668,0.9280000000000004,0.9443333333333334,0.9563333333333334,0.7843785714285714,10,0.0020000000000000018,0.0,0.0,0.0016666666666668162,0.0,0.0,0.0016690476190475145,7,1,492,343,343,0,0,0,0,0,0,0,False,1,0,499,1,0,0,0,500,0,0,0,0,500,0,0,2,0,498,2,0,0,0,500,0,0,0,0,500,0,0
bm25_1_dense_34_rrf_40_candidates_100_top_10,1.0,34.0,40,100,10,500,485,15,0.6293333333333329,0.8343333333333335,0.8826666666666668,0.9280000000000004,0.9443333333333334,0.9593333333333334,0.7831785714285714,10,0.0,0.0,0.0,0.0016666666666668162,0.0,0.0030000000000000027,0.00046904761904753567,4,1,495,343,343,0,0,0,0,0,0,0,False,0,0,500,0,0,0,0,500,0,0,0,0,500,0,0,2,0,498,2,0,0,0,500,0,0,2,0,498,2,0
bm25_1_dense_34_rrf_60_candidates_10_top_10,1.0,34.0,60,10,10,500,485,15,0.6349999999999995,0.8373333333333335,0.8903333333333336,0.9263333333333336,0.942,0.942,0.7881055555555556,10,0.005666666666666598,0.0030000000000000027,0.0076666666666668215,0.0,-0.0023333333333334094,-0.01433333333333342,0.00539603174603176,22,8,470,343,341,2,1,0,2,0,0,0,False,6,2,492,8,4,2,0,498,2,0,6,0,494,6,0,0,0,500,0,0,4,8,488,4,8,2,14,484,2,15
bm25_1_dense_34_rrf_60_candidates_20_top_10,1.0,34.0,60,20,10,500,485,15,0.6273333333333329,0.8386666666666668,0.8893333333333336,0.9310000000000004,0.9443333333333334,0.957,0.783531746031746,10,-0.0020000000000000018,0.0043333333333333,0.006666666666666821,0.004666666666666819,0.0,0.0006666666666665932,0.0008222222222221687,19,5,476,343,340,3,2,0,2,0,0,0,False,2,3,495,3,4,3,1,496,3,1,5,0,495,5,0,5,0,495,5,0,0,0,500,0,0,4,4,492,4,4
bm25_1_dense_34_rrf_60_candidates_50_top_10,1.0,34.0,60,50,10,500,485,15,0.6293333333333329,0.8323333333333335,0.8826666666666668,0.9290000000000004,0.9443333333333334,0.9563333333333334,0.7829619047619047,10,0.0,-0.0020000000000000018,0.0,0.002666666666666817,0.0,0.0,0.00025238095238089286,10,5,485,343,342,1,1,2,0,0,0,0,False,1,1,498,1,1,1,2,497,1,2,0,0,500,0,0,3,0,497,3,0,0,0,500,0,0,0,0,500,0,0
bm25_1_dense_34_rrf_60_candidates_100_top_10,1.0,34.0,60,100,10,500,485,15,0.6273333333333329,0.8323333333333335,0.8826666666666668,0.9290000000000004,0.9443333333333334,0.9593333333333334,0.7817619047619048,10,-0.0020000000000000018,-0.0020000000000000018,0.0,0.002666666666666817,0.0,0.0030000000000000027,-0.000947619047619086,6,4,490,343,342,1,0,1,0,0,0,0,False,0,1,499,0,1,0,1,499,0,1,0,0,500,0,0,3,0,497,3,0,0,0,500,0,0,2,0,498,2,0
bm25_1_dense_34_rrf_100_candidates_10_top_10,1.0,34.0,100,10,10,500,485,15,0.6366666666666662,0.8430000000000001,0.8953333333333336,0.9263333333333336,0.942,0.942,0.7901166666666667,10,0.007333333333333303,0.0086666666666666,0.012666666666666826,0.0,-0.0023333333333334094,-0.01433333333333342,0.007407142857142834,29,14,457,343,338,5,5,1,6,2,0,0,True,9,5,486,12,8,9,3,488,11,5,11,2,487,11,2,0,0,500,0,0,4,8,488,4,8,2,14,484,2,15
bm25_1_dense_34_rrf_100_candidates_20_top_10,1.0,34.0,100,20,10,500,485,15,0.6293333333333329,0.8456666666666668,0.8980000000000002,0.9326666666666671,0.9443333333333334,0.957,0.7848547619047619,10,0.0,0.011333333333333306,0.015333333333333421,0.006333333333333524,0.0,0.0006666666666665932,0.0021452380952380334,24,9,467,343,340,3,5,1,6,0,0,0,True,3,3,494,4,4,9,2,489,9,2,10,0,490,10,0,7,0,493,7,0,0,0,500,0,0,4,4,492,4,4
bm25_1_dense_34_rrf_100_candidates_50_top_10,1.0,34.0,100,50,10,500,485,15,0.6293333333333329,0.8353333333333335,0.8826666666666668,0.9313333333333337,0.947,0.9563333333333334,0.7828484126984128,10,0.0,0.0010000000000000009,0.0,0.0050000000000001155,0.002666666666666595,0.0,0.0001388888888889106,12,8,480,343,342,1,4,4,1,1,0,0,False,1,1,498,1,1,5,4,491,5,4,1,1,498,1,1,6,0,494,6,0,2,0,498,2,0,0,0,500,0,0
bm25_1_dense_34_rrf_100_candidates_100_top_10,1.0,34.0,100,100,10,500,485,15,0.6293333333333329,0.8353333333333335,0.8816666666666668,0.9303333333333337,0.947,0.9583333333333334,0.7828817460317461,10,0.0,0.0010000000000000009,-0.0010000000000000009,0.004000000000000115,0.002666666666666595,0.0020000000000000018,0.00017222222222224026,11,6,483,343,342,1,3,3,0,1,0,0,False,1,1,498,1,1,4,3,493,4,3,0,1,499,0,1,5,0,495,5,0,2,0,498,2,0,2,1,497,2,1
bm25_1_dense_55_rrf_1_candidates_10_top_10,1.0,55.0,1,10,10,500,485,15,0.6293333333333329,0.8343333333333335,0.8826666666666668,0.9263333333333336,0.942,0.942,0.7827095238095239,10,0.0,0.0,0.0,0.0,-0.0023333333333334094,-0.01433333333333342,0.0,0,0,500,343,343,0,0,0,0,0,0,0,False,0,0,500,0,0,0,0,500,0,0,0,0,500,0,0,0,0,500,0,0,4,8,488,4,8,2,14,484,2,15
bm25_1_dense_55_rrf_1_candidates_20_top_10,1.0,55.0,1,20,10,500,485,15,0.6293333333333329,0.8343333333333335,0.8826666666666668,0.9273333333333336,0.9443333333333334,0.957,0.7827095238095239,10,0.0,0.0,0.0,0.0010000000000000009,0.0,0.0006666666666665932,0.0,0,0,500,343,343,0,0,0,0,0,0,0,False,0,0,500,0,0,0,0,500,0,0,0,0,500,0,0,1,0,499,1,0,0,0,500,0,0,4,4,492,4,4
bm25_1_dense_55_rrf_1_candidates_50_top_10,1.0,55.0,1,50,10,500,485,15,0.6293333333333329,0.8343333333333335,0.8826666666666668,0.9273333333333336,0.9443333333333334,0.9563333333333334,0.7827095238095239,10,0.0,0.0,0.0,0.0010000000000000009,0.0,0.0,0.0,0,0,500,343,343,0,0,0,0,0,0,0,False,0,0,500,0,0,0,0,500,0,0,0,0,500,0,0,1,0,499,1,0,0,0,500,0,0,0,0,500,0,0
bm25_1_dense_55_rrf_1_candidates_100_top_10,1.0,55.0,1,100,10,500,485,15,0.6293333333333329,0.8343333333333335,0.8826666666666668,0.9273333333333336,0.9443333333333334,0.9583333333333334,0.7827095238095239,10,0.0,0.0,0.0,0.0010000000000000009,0.0,0.0020000000000000018,0.0,0,0,500,343,343,0,0,0,0,0,0,0,False,0,0,500,0,0,0,0,500,0,0,0,0,500,0,0,1,0,499,1,0,0,0,500,0,0,2,0,498,2,0
bm25_1_dense_55_rrf_5_candidates_10_top_10,1.0,55.0,5,10,10,500,485,15,0.6293333333333329,0.8343333333333335,0.8826666666666668,0.9263333333333336,0.942,0.942,0.7827095238095239,10,0.0,0.0,0.0,0.0,-0.0023333333333334094,-0.01433333333333342,0.0,0,0,500,343,343,0,0,0,0,0,0,0,False,0,0,500,0,0,0,0,500,0,0,0,0,500,0,0,0,0,500,0,0,4,8,488,4,8,2,14,484,2,15
bm25_1_dense_55_rrf_5_candidates_20_top_10,1.0,55.0,5,20,10,500,485,15,0.6293333333333329,0.8343333333333335,0.8826666666666668,0.9263333333333336,0.9443333333333334,0.957,0.7827095238095239,10,0.0,0.0,0.0,0.0,0.0,0.0006666666666665932,0.0,0,0,500,343,343,0,0,0,0,0,0,0,False,0,0,500,0,0,0,0,500,0,0,0,0,500,0,0,0,0,500,0,0,0,0,500,0,0,4,4,492,4,4
bm25_1_dense_55_rrf_5_candidates_50_top_10,1.0,55.0,5,50,10,500,485,15,0.6293333333333329,0.8343333333333335,0.8826666666666668,0.9263333333333336,0.9443333333333334,0.9563333333333334,0.7827095238095239,10,0.0,0.0,0.0,0.0,0.0,0.0,0.0,0,0,500,343,343,0,0,0,0,0,0,0,False,0,0,500,0,0,0,0,500,0,0,0,0,500,0,0,0,0,500,0,0,0,0,500,0,0,0,0,500,0,0
bm25_1_dense_55_rrf_5_candidates_100_top_10,1.0,55.0,5,100,10,500,485,15,0.6293333333333329,0.8343333333333335,0.8826666666666668,0.9263333333333336,0.9443333333333334,0.9573333333333334,0.7827095238095239,10,0.0,0.0,0.0,0.0,0.0,0.0010000000000000009,0.0,0,0,500,343,343,0,0,0,0,0,0,0,False,0,0,500,0,0,0,0,500,0,0,0,0,500,0,0,0,0,500,0,0,0,0,500,0,0,1,0,499,1,0
bm25_1_dense_55_rrf_10_candidates_10_top_10,1.0,55.0,10,10,10,500,485,15,0.6293333333333329,0.8343333333333335,0.8826666666666668,0.9263333333333336,0.942,0.942,0.7827095238095239,10,0.0,0.0,0.0,0.0,-0.0023333333333334094,-0.01433333333333342,0.0,0,0,500,343,343,0,0,0,0,0,0,0,False,0,0,500,0,0,0,0,500,0,0,0,0,500,0,0,0,0,500,0,0,4,8,488,4,8,2,14,484,2,15
bm25_1_dense_55_rrf_10_candidates_20_top_10,1.0,55.0,10,20,10,500,485,15,0.6293333333333329,0.8343333333333335,0.8826666666666668,0.9263333333333336,0.9443333333333334,0.957,0.7827095238095239,10,0.0,0.0,0.0,0.0,0.0,0.0006666666666665932,0.0,0,0,500,343,343,0,0,0,0,0,0,0,False,0,0,500,0,0,0,0,500,0,0,0,0,500,0,0,0,0,500,0,0,0,0,500,0,0,4,4,492,4,4
bm25_1_dense_55_rrf_10_candidates_50_top_10,1.0,55.0,10,50,10,500,485,15,0.6293333333333329,0.8343333333333335,0.8826666666666668,0.9263333333333336,0.9443333333333334,0.9563333333333334,0.7827095238095239,10,0.0,0.0,0.0,0.0,0.0,0.0,0.0,0,0,500,343,343,0,0,0,0,0,0,0,False,0,0,500,0,0,0,0,500,0,0,0,0,500,0,0,0,0,500,0,0,0,0,500,0,0,0,0,500,0,0
bm25_1_dense_55_rrf_10_candidates_100_top_10,1.0,55.0,10,100,10,500,485,15,0.6293333333333329,0.8343333333333335,0.8826666666666668,0.9263333333333336,0.9443333333333334,0.9573333333333334,0.7827095238095239,10,0.0,0.0,0.0,0.0,0.0,0.0010000000000000009,0.0,0,0,500,343,343,0,0,0,0,0,0,0,False,0,0,500,0,0,0,0,500,0,0,0,0,500,0,0,0,0,500,0,0,0,0,500,0,0,1,0,499,1,0
bm25_1_dense_55_rrf_20_candidates_10_top_10,1.0,55.0,20,10,10,500,485,15,0.6293333333333329,0.8343333333333335,0.8826666666666668,0.9263333333333336,0.942,0.942,0.7827095238095239,10,0.0,0.0,0.0,0.0,-0.0023333333333334094,-0.01433333333333342,0.0,0,0,500,343,343,0,0,0,0,0,0,0,False,0,0,500,0,0,0,0,500,0,0,0,0,500,0,0,0,0,500,0,0,4,8,488,4,8,2,14,484,2,15
bm25_1_dense_55_rrf_20_candidates_20_top_10,1.0,55.0,20,20,10,500,485,15,0.6293333333333329,0.8343333333333335,0.8826666666666668,0.9263333333333336,0.9443333333333334,0.957,0.7827095238095239,10,0.0,0.0,0.0,0.0,0.0,0.0006666666666665932,0.0,0,0,500,343,343,0,0,0,0,0,0,0,False,0,0,500,0,0,0,0,500,0,0,0,0,500,0,0,0,0,500,0,0,0,0,500,0,0,4,4,492,4,4
bm25_1_dense_55_rrf_20_candidates_50_top_10,1.0,55.0,20,50,10,500,485,15,0.6293333333333329,0.8343333333333335,0.8826666666666668,0.9263333333333336,0.9443333333333334,0.9563333333333334,0.7827095238095239,10,0.0,0.0,0.0,0.0,0.0,0.0,0.0,0,0,500,343,343,0,0,0,0,0,0,0,False,0,0,500,0,0,0,0,500,0,0,0,0,500,0,0,0,0,500,0,0,0,0,500,0,0,0,0,500,0,0
bm25_1_dense_55_rrf_20_candidates_100_top_10,1.0,55.0,20,100,10,500,485,15,0.6293333333333329,0.8343333333333335,0.8826666666666668,0.9263333333333336,0.9443333333333334,0.9573333333333334,0.7827095238095239,10,0.0,0.0,0.0,0.0,0.0,0.0010000000000000009,0.0,0,0,500,343,343,0,0,0,0,0,0,0,False,0,0,500,0,0,0,0,500,0,0,0,0,500,0,0,0,0,500,0,0,0,0,500,0,0,1,0,499,1,0
bm25_1_dense_55_rrf_40_candidates_10_top_10,1.0,55.0,40,10,10,500,485,15,0.6293333333333329,0.8343333333333335,0.8826666666666668,0.9263333333333336,0.942,0.942,0.7827317460317461,10,0.0,0.0,0.0,0.0,-0.0023333333333334094,-0.01433333333333342,2.2222222222256782e-05,1,0,499,343,343,0,0,0,0,0,0,0,False,0,0,500,0,0,0,0,500,0,0,0,0,500,0,0,0,0,500,0,0,4,8,488,4,8,2,14,484,2,15
bm25_1_dense_55_rrf_40_candidates_20_top_10,1.0,55.0,40,20,10,500,485,15,0.6293333333333329,0.8343333333333335,0.8826666666666668,0.9290000000000004,0.9443333333333334,0.957,0.7827317460317461,10,0.0,0.0,0.0,0.002666666666666817,0.0,0.0006666666666665932,2.2222222222256782e-05,1,0,499,343,343,0,0,0,0,0,0,0,False,0,0,500,0,0,0,0,500,0,0,0,0,500,0,0,3,0,497,3,0,0,0,500,0,0,4,4,492,4,4
bm25_1_dense_55_rrf_40_candidates_50_top_10,1.0,55.0,40,50,10,500,485,15,0.6293333333333329,0.8343333333333335,0.8826666666666668,0.9280000000000004,0.9443333333333334,0.9563333333333334,0.7827095238095239,10,0.0,0.0,0.0,0.0016666666666668162,0.0,0.0,0.0,0,0,500,343,343,0,0,0,0,0,0,0,False,0,0,500,0,0,0,0,500,0,0,0,0,500,0,0,2,0,498,2,0,0,0,500,0,0,0,0,500,0,0
bm25_1_dense_55_rrf_40_candidates_100_top_10,1.0,55.0,40,100,10,500,485,15,0.6293333333333329,0.8343333333333335,0.8826666666666668,0.9280000000000004,0.9443333333333334,0.9593333333333334,0.7827095238095239,10,0.0,0.0,0.0,0.0016666666666668162,0.0,0.0030000000000000027,0.0,0,0,500,343,343,0,0,0,0,0,0,0,False,0,0,500,0,0,0,0,500,0,0,0,0,500,0,0,2,0,498,2,0,0,0,500,0,0,2,0,498,2,0
bm25_1_dense_55_rrf_60_candidates_10_top_10,1.0,55.0,60,10,10,500,485,15,0.6369999999999995,0.8373333333333335,0.8893333333333336,0.9263333333333336,0.942,0.942,0.7889579365079366,10,0.0076666666666665995,0.0030000000000000027,0.006666666666666821,0.0,-0.0023333333333334094,-0.01433333333333342,0.0062484126984126975,22,7,471,343,342,1,1,0,2,0,0,0,False,6,1,493,8,3,2,0,498,2,0,5,0,495,5,0,0,0,500,0,0,4,8,488,4,8,2,14,484,2,15
bm25_1_dense_55_rrf_60_candidates_20_top_10,1.0,55.0,60,20,10,500,485,15,0.6313333333333329,0.8373333333333335,0.8873333333333336,0.9290000000000004,0.9443333333333334,0.957,0.7852507936507936,10,0.0020000000000000018,0.0030000000000000027,0.004666666666666819,0.002666666666666817,0.0,0.0006666666666665932,0.0025412698412697887,17,3,480,343,342,1,1,0,1,0,0,0,False,2,1,497,2,1,2,0,498,2,0,4,0,496,4,0,3,0,497,3,0,0,0,500,0,0,4,4,492,4,4
bm25_1_dense_55_rrf_60_candidates_50_top_10,1.0,55.0,60,50,10,500,485,15,0.6313333333333329,0.8343333333333335,0.8826666666666668,0.9280000000000004,0.9443333333333334,0.9563333333333334,0.7843785714285714,10,0.0020000000000000018,0.0,0.0,0.0016666666666668162,0.0,0.0,0.0016690476190475145,7,1,492,343,343,0,0,0,0,0,0,0,False,1,0,499,1,0,0,0,500,0,0,0,0,500,0,0,2,0,498,2,0,0,0,500,0,0,0,0,500,0,0
bm25_1_dense_55_rrf_60_candidates_100_top_10,1.0,55.0,60,100,10,500,485,15,0.6293333333333329,0.8343333333333335,0.8826666666666668,0.9280000000000004,0.9443333333333334,0.9593333333333334,0.7831785714285714,10,0.0,0.0,0.0,0.0016666666666668162,0.0,0.0030000000000000027,0.00046904761904753567,4,1,495,343,343,0,0,0,0,0,0,0,False,0,0,500,0,0,0,0,500,0,0,0,0,500,0,0,2,0,498,2,0,0,0,500,0,0,2,0,498,2,0
bm25_1_dense_55_rrf_100_candidates_10_top_10,1.0,55.0,100,10,10,500,485,15,0.6349999999999995,0.8373333333333335,0.8903333333333336,0.9263333333333336,0.942,0.942,0.7880055555555556,10,0.005666666666666598,0.0030000000000000027,0.0076666666666668215,0.0,-0.0023333333333334094,-0.01433333333333342,0.005296031746031771,22,8,470,343,341,2,1,0,2,0,0,0,False,6,2,492,8,4,2,0,498,2,0,6,0,494,6,0,0,0,500,0,0,4,8,488,4,8,2,14,484,2,15
bm25_1_dense_55_rrf_100_candidates_20_top_10,1.0,55.0,100,20,10,500,485,15,0.6273333333333329,0.8386666666666668,0.8873333333333336,0.9310000000000004,0.9443333333333334,0.957,0.7834650793650794,10,-0.0020000000000000018,0.0043333333333333,0.004666666666666819,0.004666666666666819,0.0,0.0006666666666665932,0.0007555555555555094,18,5,477,343,340,3,2,0,1,0,0,0,False,2,3,495,3,4,3,1,496,3,1,4,0,496,4,0,5,0,495,5,0,0,0,500,0,0,4,4,492,4,4
bm25_1_dense_55_rrf_100_candidates_50_top_10,1.0,55.0,100,50,10,500,485,15,0.6293333333333329,0.8323333333333335,0.8826666666666668,0.9280000000000004,0.9443333333333334,0.9563333333333334,0.7829619047619047,10,0.0,-0.0020000000000000018,0.0,0.0016666666666668162,0.0,0.0,0.00025238095238089286,10,5,485,343,342,1,1,2,0,0,0,0,False,1,1,498,1,1,1,2,497,1,2,0,0,500,0,0,2,0,498,2,0,0,0,500,0,0,0,0,500,0,0
bm25_1_dense_55_rrf_100_candidates_100_top_10,1.0,55.0,100,100,10,500,485,15,0.6273333333333329,0.8323333333333335,0.8826666666666668,0.9280000000000004,0.9443333333333334,0.9593333333333334,0.7816619047619048,10,-0.0020000000000000018,-0.0020000000000000018,0.0,0.0016666666666668162,0.0,0.0030000000000000027,-0.001047619047619075,6,5,489,343,342,1,0,1,0,0,0,0,False,0,1,499,0,1,0,1,499,0,1,0,0,500,0,0,2,0,498,2,0,0,0,500,0,0,2,0,498,2,0
